Player,Team,S/C,Pos,GP,G,A,+/-,PIM,EVG,EVP,PPG,PPP,SHG,SHP,OTG,GWG,S,TOI/GP,FOW%
Leon Draisaitl,EDM,L,C,71,43,67,-7,18,27,66,16,44,0,0,2,10,218,22:37,52.1
Connor McDavid,EDM,L,C,64,34,63,-6,28,23,54,11,43,0,0,0,6,212,21:52,47.8
David Pastrnak,BOS,R,R,70,48,47,21,40,28,57,20,38,0,0,1,10,279,18:58,38.9
Artemi Panarin,NYR,R,L,69,32,63,36,20,25,71,7,24,0,0,0,4,209,20:36,50
Nathan MacKinnon,COL,R,C,69,35,58,13,12,23,62,12,31,0,0,2,4,318,21:13,43.1
Brad Marchand,BOS,L,L,70,28,59,25,82,22,56,5,28,1,3,0,5,185,19:27,43.1
Nikita Kucherov,TBL,L,R,68,33,52,26,38,29,60,4,25,0,0,3,6,210,18:52,0
Patrick Kane,CHI,L,R,70,33,51,8,40,25,61,8,23,0,0,1,2,275,21:20,25
Auston Matthews,TOR,L,C,70,47,33,19,8,35,55,12,25,0,0,0,5,290,20:58,55
Jonathan Huberdeau,FLA,L,L,69,23,55,5,30,18,49,5,29,0,0,1,3,152,18:46,39.3
Jack Eichel,BUF,R,C,68,36,42,5,34,24,50,11,27,1,1,3,9,227,22:06,46.8
John Carlson,WSH,R,D,69,15,60,12,26,13,49,2,26,0,0,0,6,189,24:38:00,0
Mika Zibanejad,NYR,R,C,57,41,34,9,14,23,43,15,27,3,5,2,6,208,21:38,49.2
Evgeni Malkin,PIT,L,C,55,25,49,7,58,18,50,7,24,0,0,0,5,171,19:31,50.3
Mark Scheifele,WPG,R,C,71,29,44,2,45,19,53,10,20,0,0,2,6,170,21:48,46.9
Kyle Connor,WPG,L,L,71,38,35,4,34,28,54,9,17,1,2,1,7,239,21:05,15.4
J.T. Miller,VAN,L,C,69,27,45,11,47,18,45,9,25,0,2,1,3,165,20:06,59.2
Alex Ovechkin,WSH,R,L,68,48,19,-12,30,35,49,13,18,0,0,1,3,311,20:40,100
Mitchell Marner,TOR,R,R,59,16,51,6,16,10,42,6,24,0,1,1,2,154,21:33,26.9
Max Pacioretty,VGK,L,L,71,32,34,18,44,24,47,8,19,0,0,1,5,307,17:55,53.1
Steven Stamkos,TBL,R,C,57,29,37,14,22,19,47,10,19,0,0,0,6,176,18:25,54.3
Sebastian Aho,CAR,L,C,68,38,28,10,26,26,44,8,17,4,5,0,5,206,19:25,46
Elias Pettersson,VAN,L,C,68,27,39,16,18,19,42,8,24,0,0,1,5,162,18:32,41.8
Blake Wheeler,WPG,R,R,71,22,43,1,37,17,41,4,22,1,2,0,2,180,19:19,49.9
Roman Josi,NSH,L,D,69,16,49,22,41,12,42,4,23,0,0,0,1,260,25:47:00,--
Brayden Point,TBL,R,C,66,25,39,28,11,17,51,8,13,0,0,0,4,141,18:54,51.1
Mark Stone,VGK,R,R,65,21,42,15,27,15,45,6,17,0,1,0,3,168,19:25,34.8
Teuvo Teravainen,CAR,L,L,68,15,48,20,8,10,38,4,21,1,4,0,1,182,19:12,49.1
Patrik Laine,WPG,R,L,68,28,35,8,22,20,47,8,16,0,0,0,1,226,19:25,37
Anze Kopitar,LAK,L,C,70,21,41,6,16,13,40,7,21,1,1,1,5,135,21:02,55.2
Aleksander Barkov,FLA,L,C,66,20,42,2,18,13,41,7,20,0,1,0,2,172,20:01,54.3
Ryan O'Reilly,STL,L,C,71,12,49,11,10,9,42,2,18,1,1,1,3,118,20:34,56.6
Tomas Tatar,MTL,L,L,68,22,39,5,36,14,47,8,14,0,0,0,1,162,16:18,36
Ryan Nugent-Hopkins,EDM,L,C,65,22,39,1,33,15,37,7,24,0,0,0,4,172,20:28,50.7
Travis Konecny,PHI,R,R,66,24,37,-1,28,19,38,5,23,0,0,0,3,141,16:48,49
Matthew Tkachuk,CGY,L,L,69,23,38,-5,74,18,42,5,19,0,0,2,4,188,18:18,0
Andrei Svechnikov,CAR,L,R,68,24,37,9,54,18,41,6,20,0,0,1,5,183,16:44,0
Jonathan Toews,CHI,L,C,70,18,42,-2,48,16,51,1,8,1,1,3,3,172,19:47,57.3
David Perron,STL,R,L,71,25,35,2,52,16,33,9,27,0,0,4,9,166,18:19,37.5
John Tavares,TOR,L,C,63,26,34,-7,24,19,39,7,21,0,0,3,4,197,19:33,55.3
Mathew Barzal,NYI,R,C,68,19,41,5,44,15,48,4,12,0,0,0,2,171,20:03,41.6
Mike Hoffman,FLA,L,C,69,29,30,-5,28,18,38,11,21,0,0,0,3,214,16:50,46.7
Ryan Strome,NYR,R,C,70,18,41,21,48,15,41,3,17,0,1,0,3,154,19:35,47.5
Sean Couturier,PHI,L,C,69,22,37,21,30,18,46,4,13,0,0,1,4,185,19:50,59.6
William Nylander,TOR,R,R,68,31,28,-2,12,22,42,9,17,0,0,1,7,197,18:13,50
Brayden Schenn,STL,L,C,71,25,33,3,44,15,37,10,21,0,0,0,4,138,18:28,49
Johnny Gaudreau,CGY,L,L,70,18,40,-10,12,12,40,6,18,0,0,0,2,209,18:47,25
Nikolaj Ehlers,WPG,L,L,71,25,33,14,30,21,52,3,5,1,1,0,5,203,16:31,0
Jaden Schwartz,STL,L,C,71,22,35,3,18,13,37,9,20,0,0,1,4,162,18:11,45
Patrice Bergeron,BOS,R,C,61,31,25,23,28,19,35,11,20,1,1,1,5,203,18:44,57.9
Jakub Voracek,PHI,L,R,69,12,44,14,31,8,39,4,17,0,0,1,3,132,17:03,35
Bryan Rust,PIT,R,R,55,27,29,14,30,18,37,8,17,1,2,2,4,151,19:46,20
Victor Hedman,TBL,L,D,66,11,44,27,31,7,33,4,22,0,0,0,3,155,24:04:00,--
Nicklas Backstrom,WSH,L,C,61,12,42,-1,14,10,36,2,18,0,0,0,0,132,19:01,49.2
Reilly Smith,VGK,L,R,71,27,27,17,20,22,45,3,5,2,4,0,6,169,17:55,25
Brock Nelson,NYI,L,C,68,26,28,6,32,22,47,4,7,0,0,3,5,175,18:52,51.8
Elias Lindholm,CGY,R,C,70,29,25,-8,22,21,35,8,19,0,0,1,7,169,19:43,49.3
Kevin Fiala,MIN,L,L,64,23,31,-1,42,14,36,9,18,0,0,1,4,175,15:24,22.2
Claude Giroux,PHI,R,C,69,21,32,7,28,13,31,7,20,1,2,0,6,197,18:59,59
Bo Horvat,VAN,L,C,69,22,31,-15,21,10,37,12,16,0,0,0,2,178,19:44,57.3
Dylan Larkin,DET,L,C,71,19,34,-21,39,14,39,5,14,0,0,0,0,223,21:15,52.4
Tony DeAngelo,NYR,R,D,68,15,38,12,47,12,34,3,19,0,0,2,3,149,19:17,--
Quinn Hughes,VAN,L,D,68,8,45,-10,22,5,28,3,25,0,0,1,2,126,21:53,--
Alex Pietrangelo,STL,R,D,70,16,36,11,20,10,29,6,22,0,1,0,3,225,24:11:00,--
Evgeny Kuznetsov,WSH,L,C,63,19,33,-2,40,13,40,6,12,0,0,0,0,129,17:51,43.3
Taylor Hall,NJD,L,L,65,16,36,-14,34,12,34,4,18,0,0,0,1,232,19:10,39.2
Jakub Vrana,WSH,L,L,69,25,27,3,18,24,40,1,12,0,0,1,6,187,14:53,54.6
Tyler Seguin,DAL,R,C,69,17,33,-2,22,14,35,3,15,0,0,3,6,245,19:09,58.2
Sam Reinhart,BUF,R,C,69,22,28,-15,20,17,38,5,12,0,0,0,2,144,20:38,35.7
Cale Makar,COL,R,D,57,12,38,12,12,8,31,4,19,0,0,0,4,121,21:01,--
T.J. Oshie,WSH,R,R,69,26,23,4,26,16,37,10,12,0,0,1,4,133,18:18,50
Alex Killorn,TBL,L,L,68,26,23,19,20,18,36,8,13,0,0,0,7,130,17:56,26.3
Torey Krug,BOS,L,D,61,9,40,-4,33,7,21,2,28,0,0,2,4,144,20:29,--
Timo Meier,SJS,L,R,70,22,27,-22,42,20,40,2,9,0,0,0,2,199,17:17,32.4
Pierre-Luc Dubois,CBJ,L,L,70,18,31,-2,49,17,39,1,10,0,0,2,4,158,17:56,44.6
Ryan Suter,MIN,L,D,69,8,40,-6,12,6,30,2,18,0,0,0,2,111,24:38:00,--
Filip Forsberg,NSH,R,L,63,21,27,-7,29,14,34,7,14,0,0,0,2,198,17:21,33.3
Tyler Bertuzzi,DET,L,L,71,21,27,-23,40,18,34,3,14,0,0,0,1,129,19:19,66.7
Sean Monahan,CGY,L,C,70,22,26,-16,25,14,32,8,16,0,0,1,5,166,18:06,52.6
Eric Staal,MIN,L,C,66,19,28,-9,28,14,33,5,14,0,0,1,5,113,17:08,49.6
Sidney Crosby,PIT,L,C,41,16,31,-8,15,12,30,4,17,0,0,2,4,109,20:16,55.6
Evgenii Dadonov,FLA,L,R,69,25,22,-7,10,14,30,11,17,0,0,0,2,167,17:06,--
Evander Kane,SJS,L,L,64,26,21,-12,122,10,27,14,18,2,2,0,6,216,19:32,52.7
Phillip Danault,MTL,L,C,71,13,34,18,32,12,43,1,4,0,0,0,1,131,18:51,54.5
Jonathan Marchessault,VGK,R,C,66,22,25,6,28,16,35,6,12,0,0,1,3,235,17:17,42.7
Zach Parise,MIN,L,L,69,25,21,-11,8,12,27,12,18,1,1,0,4,155,17:12,53.3
William Karlsson,VGK,L,C,63,15,31,11,16,11,33,2,8,2,5,0,1,138,18:52,51.9
Dominik Kubalik,CHI,L,L,68,30,16,2,16,26,38,4,8,0,0,0,3,157,14:22,31.6
Pavel Buchnevich,NYR,L,L,68,16,30,2,24,12,37,4,9,0,0,0,1,148,16:56,17.4
Shea Theodore,VGK,L,D,71,13,33,12,25,11,29,1,16,1,1,2,4,219,22:14,--
Brent Burns,SJS,R,D,70,12,33,-22,34,7,27,5,17,0,1,1,1,225,25:25:00,--
Keith Yandle,FLA,L,D,69,5,40,0,20,3,24,2,21,0,0,0,0,129,19:42,0
Mikael Backlund,CGY,L,C,70,16,29,3,26,10,32,3,10,3,3,0,3,157,17:57,47.3
Kyle Palmieri,NJD,R,R,65,25,20,-4,41,14,27,11,18,0,0,1,3,155,17:07,32.4
Chris Kreider,NYR,L,L,63,24,21,13,58,15,32,9,13,0,0,0,5,156,17:15,43.1
Tanner Pearson,VAN,L,L,69,21,24,-4,27,16,32,3,10,2,3,0,3,164,16:31,17.7
Andre Burakovsky,COL,L,L,58,20,25,11,22,18,34,2,11,0,0,1,6,103,15:12,35.7
Nick Schmaltz,ARI,R,C,70,11,34,3,20,9,32,2,13,0,0,0,2,95,15:32,42.6
Brock Boeser,VAN,R,R,57,16,29,4,14,11,31,5,14,0,0,0,3,169,18:34,36.7
Alex DeBrincat,CHI,R,L,70,18,27,-10,15,8,29,10,16,0,0,1,4,207,17:30,35
Neal Pionk,WPG,R,D,71,6,39,10,32,3,20,3,25,0,0,0,1,177,23:23,--
Kris Letang,PIT,R,D,61,15,29,0,38,9,29,6,15,0,0,0,2,177,25:44:00,--
Tyler Toffoli,LAK,R,R,68,24,20,-1,20,19,34,5,10,0,0,1,4,203,16:51,28.6
Gabriel Landeskog,COL,L,L,54,21,23,-2,47,15,29,6,15,0,0,0,4,145,20:02,56.4
Tom Wilson,WSH,R,R,68,21,23,-3,93,15,35,5,7,1,2,1,5,154,18:16,31.6
Nikita Gusev,NJD,R,L,66,13,31,-15,12,8,29,5,15,0,0,0,2,158,14:42,33.3
Max Domi,MTL,L,C,71,17,27,-3,35,16,33,1,11,0,0,2,3,179,17:06,48.9
Anthony Cirelli,TBL,L,C,68,16,28,28,30,14,37,1,5,1,2,1,3,113,18:27,47.5
Clayton Keller,ARI,L,R,70,17,27,-6,28,15,29,2,15,0,0,0,2,184,16:18,38.1
Brady Tkachuk,OTT,L,L,71,21,23,-14,106,19,36,2,8,0,0,1,3,259,18:56,46.2
David Krejci,BOS,R,C,61,13,30,14,23,10,29,3,14,0,0,1,3,83,17:10,50.3
Josh Bailey,NYI,L,R,68,14,29,-12,10,11,33,2,9,1,1,0,2,94,16:54,50
Adam Henrique,ANA,L,C,71,26,17,-2,22,21,34,5,9,0,0,0,1,169,16:52,55.1
Anders Lee,NYI,L,L,68,20,23,8,47,18,36,2,7,0,0,1,6,195,18:18,45.2
Brendan Gallagher,MTL,R,R,59,22,21,9,29,21,38,1,5,0,0,0,1,226,16:55,41.4
Connor Brown,OTT,R,R,71,16,27,-6,24,13,37,3,4,0,2,0,1,173,20:07,42.7
Jake Guentzel,PIT,L,L,39,20,23,11,14,14,33,6,10,0,0,1,4,127,20:38,47.8
Alex Iafallo,LAK,L,L,70,17,26,1,14,11,34,6,9,0,0,2,3,142,18:56,47.8
Ryan Getzlaf,ANA,R,C,69,13,29,-16,58,10,33,3,9,0,0,1,5,143,18:44,51.3
Gustav Nyquist,CBJ,L,C,70,15,27,4,16,11,32,3,9,1,1,1,3,151,18:02,51.5
Matt Duchene,NSH,L,C,66,13,29,-4,24,8,31,5,11,0,0,0,1,136,16:53,56.1
Jean-Gabriel Pageau,OTT,R,C,67,26,16,4,49,18,26,5,10,3,6,1,5,151,19:09,53.5
Rickard Rakell,ANA,R,L,65,15,27,-5,12,12,30,3,9,0,3,1,2,186,18:10,76.9
Victor Olofsson,BUF,L,L,54,20,22,-1,6,9,25,11,17,0,0,1,4,127,18:23,50
Adam Fox,NYR,R,D,70,8,34,22,32,7,29,1,13,0,0,0,4,125,18:54,--
Robert Thomas,STL,R,C,66,10,32,9,18,9,35,1,7,0,0,0,2,87,14:34,42.9
Jason Zucker,MIN,L,L,60,20,21,-4,21,13,29,7,12,0,0,0,4,111,16:20,29.3
Kevin Hayes,PHI,L,C,69,23,18,-6,34,15,30,4,7,4,4,2,5,175,17:44,50.2
Ondrej Palat,TBL,L,L,69,17,24,25,22,12,32,4,8,1,1,0,2,128,16:11,33.3
Aaron Ekblad,FLA,R,D,67,5,36,12,26,5,34,0,6,0,1,1,1,147,22:59,--
Mikko Rantanen,COL,L,R,42,19,22,-2,14,11,27,8,14,0,0,0,5,107,18:57,58.7
Zach Werenski,CBJ,L,D,63,20,21,9,10,14,27,5,13,1,1,2,4,187,23:59,--
Nick Suzuki,MTL,R,C,71,13,28,-15,6,7,27,6,14,0,0,0,1,138,15:59,46.3
Jeff Petry,MTL,R,D,71,11,29,-10,26,7,27,3,12,1,1,2,3,158,23:39,--
James van Riemsdyk,PHI,L,L,66,19,21,5,8,15,31,4,9,0,0,0,2,151,14:54,34.8
Erik Karlsson,SJS,R,D,56,6,34,-15,16,4,26,1,13,1,1,0,0,120,24:31:00,--
Jordan Eberle,NYI,R,R,58,16,24,1,12,12,29,4,11,0,0,0,1,136,17:49,33.3
Dougie Hamilton,CAR,R,D,47,14,26,30,32,12,27,2,12,0,1,2,3,170,23:17,--
Anthony Duclair,OTT,L,L,66,23,17,-5,18,16,30,5,8,2,2,2,2,184,16:16,50
Rasmus Dahlin,BUF,L,D,59,4,36,-7,38,2,21,2,19,0,0,0,1,90,19:18,--
Jamie Benn,DAL,L,L,69,19,20,-4,53,11,25,8,14,0,0,2,4,163,16:26,55.8
Logan Couture,SJS,L,C,52,16,23,0,18,16,28,0,9,0,2,3,3,126,18:32,44
Lars Eller,WSH,L,C,69,16,23,3,48,13,31,2,6,1,2,1,1,151,17:01,51.9
Jakob Silfverberg,ANA,R,R,66,21,18,0,14,15,30,4,7,2,2,0,1,155,17:41,19.5
Tyson Barrie,TOR,R,D,70,5,34,-7,16,4,27,1,12,0,0,0,0,169,21:53,--
Anthony Beauvillier,NYI,L,L,68,18,21,-11,15,14,31,3,7,1,1,2,3,132,17:16,69.2
Thomas Chabot,OTT,L,D,71,6,33,-18,42,6,28,0,11,0,0,0,0,186,26:00:00,--
Conor Garland,ARI,R,R,68,22,17,1,20,18,29,4,10,0,0,0,5,158,14:09,36.4
Paul Stastny,VGK,L,C,71,17,21,6,24,12,27,5,10,0,1,1,3,136,17:08,54.8
Phil Kessel,ARI,R,R,70,14,24,-21,22,5,21,9,17,0,0,0,2,153,17:09,22.2
Ryan Ellis,NSH,R,D,49,8,30,16,19,6,29,2,9,0,0,2,3,114,23:30,--
Vincent Trocheck,FLA,R,C,62,11,27,-8,49,9,30,1,7,1,1,1,2,141,16:44,52.2
Anthony Mantha,DET,L,R,43,16,22,-7,34,10,29,6,9,0,0,0,3,137,18:54,42.1
Christian Dvorak,ARI,L,L,70,18,20,6,12,12,28,6,10,0,0,1,2,134,16:42,55.1
Dylan Strome,CHI,L,C,58,12,26,1,16,10,30,2,8,0,0,0,2,97,15:56,47.7
Tyler Ennis,OTT,L,R,70,16,21,-6,20,11,27,5,10,0,0,0,1,159,14:43,46.7
Mats Zuccarello,MIN,L,R,65,15,22,-9,18,12,30,3,7,0,0,0,2,96,15:56,64.3
Charlie Coyle,BOS,R,C,70,16,21,9,21,13,30,1,5,2,2,0,3,145,16:47,46.6
Zach Hyman,TOR,R,L,51,21,16,13,23,17,30,3,6,1,1,0,1,106,19:06,43.8
Chris Tierney,OTT,L,C,71,11,26,-6,20,6,30,1,2,4,5,1,2,102,17:11,51.2
Shea Weber,MTL,R,D,65,15,21,8,33,12,28,3,8,0,0,0,2,185,24:00:00,--
Nazem Kadri,COL,L,C,51,19,17,7,97,15,25,4,11,0,0,0,1,133,17:26,56.8
Ryan Johansen,NSH,R,C,68,14,22,-5,45,10,26,3,9,1,1,0,2,101,17:03,53.2
Tomas Hertl,SJS,L,C,48,16,20,-18,16,12,27,2,7,2,2,0,1,117,18:27,54.8
Jaccob Slavin,CAR,L,D,68,6,30,30,10,6,32,0,3,0,1,1,3,145,23:24,--
Oliver Bjorkstrand,CBJ,R,R,49,21,15,8,12,18,30,3,6,0,0,0,5,162,17:56,31.6
Jake Virtanen,VAN,R,R,69,18,18,-4,41,12,27,6,9,0,0,0,6,150,13:05,27.8
Kasperi Kapanen,TOR,R,R,69,13,23,0,22,11,31,0,3,2,2,1,2,121,15:47,13.3
Ivan Provorov,PHI,L,D,69,13,23,11,24,6,19,7,16,0,1,1,3,150,24:51:00,--
Nico Hischier,NJD,L,C,58,14,22,-16,12,11,24,2,10,1,2,0,1,123,18:04,51.7
Martin Necas,CAR,R,C,64,16,20,-6,20,11,27,5,9,0,0,0,3,88,14:10,27.1
Dustin Brown,LAK,R,R,66,17,18,-1,22,16,30,1,5,0,0,0,1,169,18:24,43.8
Carl Soderberg,ARI,L,C,70,17,18,6,18,11,24,6,11,0,0,0,1,135,15:54,45.3
Nick Bonino,NSH,L,C,67,18,17,17,16,17,34,1,1,0,0,0,3,104,16:31,52.6
Drew Doughty,LAK,R,D,67,7,28,-16,36,2,20,5,14,0,1,2,2,141,25:49:00,--
Ryan Pulock,NYI,R,D,68,10,25,8,14,7,27,3,8,0,0,1,3,163,22:24,--
Jared McCann,PIT,L,L,66,14,21,6,17,12,29,2,6,0,0,1,4,150,15:14,46.4
Jake DeBrusk,BOS,L,L,65,19,16,-1,14,12,25,7,10,0,0,0,5,161,16:03,34.6
Miro Heiskanen,DAL,L,D,68,8,27,14,12,8,28,0,7,0,0,0,0,163,23:46,--
Alexander Radulov,DAL,L,R,60,15,19,8,46,8,24,7,10,0,0,0,3,132,16:45,28.6
Kevin Shattenkirk,TBL,R,D,70,8,26,22,38,7,27,1,7,0,0,0,0,131,18:54,--
Zack Kassian,EDM,R,R,59,15,19,0,69,15,34,0,0,0,0,0,1,99,15:40,33.3
Calle Jarnkrok,NSH,R,C,64,15,19,4,14,11,23,2,9,2,2,0,1,136,15:56,47.1
Oscar Klefbom,EDM,L,D,62,5,29,-17,24,3,16,2,18,0,0,0,0,159,25:25:00,--
Frank Vatrano,FLA,L,C,69,16,18,-8,30,12,30,2,2,2,2,0,4,162,15:01,30
Samuel Girard,COL,L,D,70,4,30,1,17,3,21,1,13,0,0,0,1,96,21:19,--
Mikhail Sergachev,TBL,L,D,70,10,24,15,58,4,20,5,13,1,1,0,0,118,20:22,--
Alexander Edler,VAN,L,D,59,5,28,13,62,4,26,1,7,0,0,0,1,118,22:37,--
Matt Niskanen,PHI,R,D,68,8,25,15,29,3,19,4,13,1,1,0,0,126,21:54,--
Mattias Ekholm,NSH,L,D,68,8,25,-1,32,7,26,0,5,1,2,0,2,154,23:22,--
Brett Connolly,FLA,R,R,69,19,14,-3,26,15,27,4,6,0,0,0,3,117,14:30,35.3
Joonas Donskoi,COL,R,R,65,16,17,2,26,12,28,4,5,0,0,0,2,111,16:15,42.9
Brandon Saad,CHI,L,L,58,21,12,2,16,18,30,1,1,2,2,0,5,140,16:45,39.7
Darnell Nurse,EDM,L,D,71,5,28,-2,48,5,28,0,5,0,0,0,1,170,23:27,--
Rasmus Ristolainen,BUF,R,D,69,6,27,-2,46,4,23,2,9,0,1,0,0,128,22:48,--
Kevin Labanc,SJS,R,R,70,14,19,-33,38,11,24,3,9,0,0,0,3,176,16:04,16.7
Roope Hintz,DAL,L,L,60,19,14,3,16,14,17,3,14,2,2,1,5,120,14:45,49.9
Adam Gaudette,VAN,R,C,59,12,21,-7,37,8,21,4,12,0,0,0,1,75,12:23,41.2
Alex Goligoski,ARI,L,D,70,4,28,8,24,2,21,2,11,0,0,0,0,101,23:03,--
Patric Hornqvist,PIT,R,R,52,17,15,9,36,14,25,3,7,0,0,0,2,168,15:56,33.3
Derick Brassard,NYI,L,C,66,10,22,-2,16,7,22,3,10,0,0,0,1,110,13:42,55.2
Jared Spurgeon,MIN,R,D,62,12,20,-1,18,9,19,3,13,0,0,0,2,112,22:34,0
John Klingberg,DAL,R,D,58,6,26,-10,22,4,15,2,17,0,0,0,0,120,22:10,--
Blake Coleman,NJD,L,C,66,21,11,0,56,17,25,1,3,3,4,0,2,200,16:43,31.5
Robby Fabbri,STL,L,C,61,15,17,-33,20,9,23,6,9,0,0,0,3,111,16:09,40.3
Adrian Kempe,LAK,L,C,69,11,21,-10,29,7,18,2,10,2,4,1,2,148,16:01,41.3
Andrew Mangiapane,CGY,L,L,68,17,15,4,18,17,31,0,1,0,0,0,2,109,13:42,27.9
Pavel Zacha,NJD,L,C,65,8,24,-12,14,3,20,3,8,2,4,0,1,97,16:16,43.3
Charlie McAvoy,BOS,R,D,67,5,27,24,41,4,29,1,2,0,1,1,1,101,23:10,--
Jesper Bratt,NJD,L,L,60,16,16,-6,6,15,26,1,6,0,0,0,2,101,13:59,23.1
Joe Thornton,SJS,L,C,70,7,24,-19,34,4,23,3,8,0,0,0,1,76,15:30,49.4
Joe Pavelski,DAL,R,C,67,14,17,6,29,8,19,6,11,0,1,2,3,125,16:56,53.8
Mark Giordano,CGY,L,D,60,5,26,2,34,3,18,2,11,0,2,0,0,157,23:53,--
James Neal,EDM,L,L,55,19,12,-20,12,7,14,12,17,0,0,0,2,112,16:18,35.5
Nick Foligno,CBJ,L,L,67,10,21,-3,62,8,26,2,4,0,1,0,1,131,18:40,49.8
Kyle Turris,NSH,R,C,62,9,22,-9,22,7,21,2,10,0,0,0,4,88,15:25,47.5
Tyler Johnson,TBL,R,C,65,14,17,9,16,13,24,1,7,0,0,1,2,113,14:33,49
Craig Smith,NSH,R,C,69,18,13,18,34,14,24,4,7,0,0,0,2,184,13:25,48.3
Rocco Grimaldi,NSH,R,R,66,10,21,10,10,10,31,0,0,0,0,0,1,122,12:39,16.7
Vladislav Namestnikov,NYR,L,C,65,17,14,-5,45,11,21,2,4,4,6,0,2,98,15:03,46.8
Damon Severson,NJD,R,D,69,8,23,-20,52,5,21,3,10,0,0,0,2,114,22:58,--
Nate Schmidt,VGK,L,D,59,7,24,11,12,6,24,1,7,0,0,0,0,112,21:41,--
J.T. Compher,COL,R,L,67,11,20,9,18,10,23,1,5,0,3,1,3,106,16:45,47.7
Josh Morrissey,WPG,L,D,65,5,26,1,24,4,19,1,12,0,0,0,0,120,22:46,--
Luke Kunin,MIN,R,C,63,15,16,-10,55,14,28,0,2,1,1,0,1,128,15:28,44.5
Filip Hronek,DET,R,D,65,9,22,-38,46,8,21,1,10,0,0,0,0,125,23:54,--
Dominik Kahun,PIT,L,C,56,12,19,8,8,11,29,1,2,0,0,0,2,87,13:17,48.3
Marcus Johansson,BUF,L,L,60,9,21,-12,20,8,24,1,6,0,0,1,1,87,17:09,40
Oliver Ekman-Larsson,ARI,L,D,66,9,21,-3,38,6,22,2,7,1,1,0,1,135,23:01,--
Mikael Granlund,NSH,L,C,63,17,13,-4,28,12,23,4,6,1,1,2,4,130,17:48,48.7
Joel Armia,MTL,R,R,58,16,14,2,28,10,22,3,4,3,4,0,2,155,17:14,36.4
Yanni Gourde,TBL,L,C,70,10,20,-5,49,7,21,1,6,2,3,1,5,110,14:04,54.1
Zach Sanford,STL,L,L,58,16,14,13,28,15,29,1,1,0,0,0,3,90,13:44,11.1
Seth Jones,CBJ,R,D,56,6,24,10,20,4,20,2,9,0,1,0,0,126,25:17:00,--
Warren Foegele,CAR,L,L,68,13,17,9,34,10,27,0,0,3,3,0,1,129,13:43,47.4
Tyler Bozak,STL,R,C,67,13,16,0,10,10,24,2,4,1,1,0,2,109,15:19,55
Cam Fowler,ANA,L,D,59,9,20,0,20,7,21,2,8,0,0,0,2,117,21:59,--
Nino Niederreiter,CAR,L,R,67,11,18,-3,42,7,18,4,11,0,0,0,2,115,14:49,25
Jesper Fast,NYR,R,R,69,12,17,16,20,10,27,0,0,2,2,0,1,84,16:36,34.6
Ryan Dzingel,CAR,L,C,64,8,21,3,30,4,20,4,9,0,0,0,1,98,14:09,31
Erik Gustafsson,CHI,L,D,66,6,23,-9,27,4,20,2,9,0,0,0,0,103,20:23,--
Jack Roslovic,WPG,R,C,71,12,17,4,12,11,27,1,2,0,0,0,0,117,14:54,47.3
Joel Eriksson Ek,MIN,L,C,62,8,21,7,22,7,27,1,1,0,1,0,4,102,15:43,46.2
Denis Gurianov,DAL,L,R,64,20,9,5,13,13,17,7,12,0,0,0,4,132,12:59,--
Derek Ryan,CGY,R,C,68,10,19,9,10,8,23,1,4,1,2,0,0,102,14:33,52.3
Derek Stepan,ARI,R,C,70,10,18,-4,16,8,20,1,7,1,1,1,2,158,17:39,47.5
Jonas Brodin,MIN,L,D,69,2,26,15,24,2,25,0,1,0,2,0,0,103,21:33,--
Colton Parayko,STL,R,D,64,10,18,8,16,7,22,3,5,0,1,1,1,162,23:00,--
Alexander Kerfoot,TOR,L,C,65,9,19,-2,32,8,25,1,3,0,0,0,1,88,14:46,46.9
Devon Toews,NYI,L,D,68,6,22,1,16,5,22,1,6,0,0,1,1,122,20:31,--
Viktor Arvidsson,NSH,R,L,57,15,13,-4,26,11,20,4,8,0,0,0,1,127,16:12,57.9
Jordan Greenway,MIN,L,L,67,8,20,2,54,8,25,0,3,0,0,0,1,93,14:10,55.6
Duncan Keith,CHI,L,D,61,3,24,1,18,1,16,2,11,0,0,0,0,111,24:23:00,--
Jeff Carter,LAK,R,C,60,17,10,-21,36,14,22,3,5,0,0,1,7,182,16:56,51.2
Jordan Staal,CAR,L,C,68,8,19,3,40,6,24,2,3,0,0,0,0,125,17:30,54.4
Dmitry Orlov,WSH,L,D,69,4,23,5,36,3,21,1,5,0,1,1,2,105,22:10,--
Morgan Rielly,TOR,L,D,47,3,24,6,24,3,20,0,7,0,0,1,2,123,24:12:00,0
Scott Laughton,PHI,L,C,49,13,14,13,26,13,27,0,0,0,0,0,2,74,14:36,53.9
Jacob Trouba,NYR,R,D,70,7,20,-12,61,3,17,4,8,0,2,0,1,168,22:34,--
Artturi Lehkonen,MTL,L,L,70,13,14,2,24,12,26,0,0,1,1,0,1,140,15:26,46.2
Valeri Nichushkin,COL,L,R,65,13,14,26,14,11,25,1,1,1,1,0,3,113,14:04,40
Noel Acciari,FLA,R,C,66,20,7,2,21,19,26,0,0,1,1,0,5,108,15:58,48
Ilya Kovalchuk,LAK,R,L,46,10,16,-4,18,8,21,2,5,0,0,2,3,115,16:58,33.3
Ian Cole,COL,L,D,65,4,22,21,36,4,26,0,0,0,0,0,1,92,17:42,--
Cam Atkinson,CBJ,R,R,44,12,14,2,6,9,18,3,8,0,0,1,2,148,17:51,47.4
Barclay Goodrow,SJS,L,C,70,8,18,-8,97,8,23,0,2,0,1,0,2,102,15:55,49.2
Chandler Stephenson,WSH,L,C,65,11,15,24,16,8,21,1,2,2,3,1,5,73,14:19,45.3
Andreas Athanasiou,DET,L,C,55,11,15,-46,30,8,19,3,7,0,0,0,2,129,15:51,41.8
Andrew Copp,WPG,L,C,63,10,16,-3,10,9,22,1,1,0,3,0,5,121,17:42,53
Ryan Graves,COL,L,D,69,9,17,40,45,9,24,0,0,0,2,0,0,134,18:57,--
Ivan Barbashev,STL,L,C,69,11,15,4,23,9,23,0,0,2,3,0,2,75,13:27,45.4
Danton Heinen,BOS,L,L,67,10,16,-2,10,7,20,3,6,0,0,0,2,109,14:28,38.5
John Marino,PIT,R,D,56,6,20,17,20,5,22,1,4,0,0,0,0,61,20:15,--
Jakob Chychrun,ARI,L,D,63,12,14,4,38,7,18,5,8,0,0,0,2,149,22:26,--
Alex Nylander,CHI,R,L,65,10,16,-2,10,10,24,0,2,0,0,0,1,94,12:08,26.3
Kailer Yamamoto,EDM,R,R,27,11,15,17,12,9,24,2,2,0,0,0,0,44,17:23,100
Jason Spezza,TOR,R,C,58,9,16,-3,18,7,18,2,7,0,0,0,0,73,10:50,54
Travis Zajac,NJD,R,C,69,9,16,-12,28,7,21,1,1,1,3,0,1,72,17:06,52.8
Carl Hagelin,WSH,L,L,58,8,17,12,16,7,22,0,0,1,3,0,2,107,14:19,46.4
Wayne Simmonds,NJD,R,R,68,8,17,-21,66,3,16,5,9,0,0,0,1,119,14:55,39.2
Derek Grant,ANA,L,C,56,15,10,1,30,10,18,2,2,3,5,0,5,94,13:55,51.6
Matt Calvert,COL,L,L,50,12,13,13,39,9,21,0,0,3,4,0,1,89,14:05,46.2
Marcus Foligno,MIN,L,L,59,11,14,8,30,11,25,0,0,0,0,0,0,86,14:35,37.5
Nick Cousins,MTL,L,C,65,10,15,0,35,7,20,3,5,0,0,0,0,115,13:31,48
Travis Sanheim,PHI,L,D,69,8,17,4,32,8,21,0,4,0,0,0,0,110,20:09,--
Lucas Wallmark,CAR,L,C,67,12,13,0,18,9,18,3,6,0,1,0,0,84,12:47,50.3
Lawson Crouse,ARI,L,L,66,15,10,0,33,14,24,0,0,1,1,0,3,109,13:35,51.1
Brandon Tanev,PIT,L,L,68,11,14,-1,16,9,21,0,1,2,3,2,4,95,14:45,40
Jake Gardiner,CAR,L,D,68,4,20,-24,30,3,13,1,11,0,0,1,2,87,16:40,--
Alex Chiasson,EDM,R,R,65,11,13,-3,42,5,11,6,13,0,0,1,3,97,13:07,0
Erik Haula,CAR,L,L,48,12,12,1,22,8,16,4,8,0,0,0,2,92,15:50,54.1
Boone Jenner,CBJ,L,C,70,11,13,-14,36,9,19,2,4,0,1,0,1,179,18:07,55.2
Alex Galchenyuk,PIT,L,C,59,8,16,-5,16,6,17,2,7,0,0,0,0,86,12:18,51.2
Matt Dumba,MIN,R,D,69,6,18,-7,41,5,15,1,8,0,1,1,1,167,22:30,--
Brady Skjei,NYR,L,D,67,8,16,-10,45,8,22,0,0,0,2,0,1,139,20:41,--
Ondrej Kase,ANA,R,R,55,7,17,-7,14,6,21,0,2,1,1,0,0,144,16:33,20.7
Sean Walker,LAK,R,D,70,5,19,-12,26,5,19,0,5,0,0,0,0,127,18:50,--
Pat Maroon,TBL,L,L,64,9,14,4,71,8,20,1,3,0,0,0,1,80,12:25,66.7
Jake Muzzin,TOR,L,D,53,6,17,12,40,6,22,0,0,0,1,0,1,99,21:36,--
Sami Vatanen,NJD,R,D,47,5,18,-12,22,4,12,1,10,0,1,0,0,95,21:45,--
Jeff Skinner,BUF,L,L,59,14,9,-22,18,14,20,0,3,0,0,0,1,183,16:29,37.2
Sean Kuraly,BOS,L,C,69,6,17,-2,34,6,21,0,1,0,1,0,0,95,13:17,48.8
Hampus Lindholm,ANA,L,D,56,2,21,-10,34,1,13,1,8,0,2,0,1,109,22:39,--
Oskar Sundqvist,STL,R,C,57,12,11,5,28,11,21,0,0,1,2,0,1,97,14:23,44.3
Esa Lindell,DAL,L,D,69,3,20,5,12,2,13,1,7,0,3,1,2,98,23:25,--
Miles Wood,NJD,L,L,68,11,12,-19,57,11,23,0,0,0,0,0,1,141,13:14,0
Conor Sheary,BUF,L,L,63,10,13,-5,10,9,20,1,3,0,0,0,1,102,13:06,25
Sonny Milano,CBJ,L,L,55,7,16,-7,26,6,20,1,3,0,0,1,2,75,13:06,--
Ryan Donato,MIN,L,C,62,14,9,5,12,14,21,0,2,0,0,0,1,95,10:38,39.2
Colin White,OTT,R,C,61,7,16,-12,39,6,19,1,4,0,0,0,0,83,15:42,47.4
Vince Dunn,STL,L,D,71,9,14,15,27,5,13,4,10,0,0,0,1,138,16:16,--
Tyson Jost,COL,L,C,67,8,15,11,22,7,18,1,5,0,0,0,0,115,12:46,33.3
Filip Chytil,NYR,L,C,60,14,9,-7,10,13,20,1,3,0,0,0,2,114,14:50,38.5
Blake Lizotte,LAK,L,C,65,6,17,-4,20,2,17,2,3,2,3,0,0,87,13:58,50.2
Kirby Dach,CHI,R,C,64,8,15,-1,24,8,20,0,3,0,0,0,2,101,14:16,33.8
Kaapo Kakko,NYR,L,R,66,10,13,-26,14,8,10,2,13,0,0,1,3,109,14:17,33.3
Ilya Mikheyev,TOR,L,R,39,8,15,7,4,7,22,0,0,1,1,0,1,98,15:35,75
Patrick Marleau,SJS,L,C,66,11,11,-5,14,10,21,1,1,0,0,1,3,117,15:35,47.4
Richard Panik,WSH,L,R,59,9,13,16,36,9,22,0,0,0,0,0,1,67,11:20,57.9
Teddy Blueger,PIT,L,C,69,9,13,2,25,9,20,0,0,0,2,0,2,102,15:49,45.2
Vinnie Hinostroza,ARI,R,C,68,5,17,1,14,5,20,0,1,0,1,0,0,132,13:06,42.6
Alex Wennberg,CBJ,L,C,57,5,17,-5,16,4,17,1,5,0,0,0,1,72,16:41,46
Pierre-Edouard Bellemare,COL,L,L,69,9,13,2,17,7,18,0,0,2,4,0,0,85,13:25,53
Marcus Pettersson,PIT,L,D,69,2,20,9,35,2,20,0,2,0,0,0,0,79,19:24,--
Noah Hanifin,CGY,L,D,70,5,17,-12,12,4,17,1,5,0,0,0,0,132,21:10,--
Rasmus Andersson,CGY,R,D,70,5,17,-7,57,5,18,0,4,0,0,0,0,124,19:56,--
Dominik Simon,PIT,L,C,64,7,15,-9,12,7,21,0,1,0,0,0,0,102,14:25,35.7
Sam Steel,ANA,L,C,65,6,16,-13,20,5,14,1,8,0,0,1,1,85,15:33,50.3
Mikko Koivu,MIN,L,C,55,4,17,2,28,3,13,1,7,0,1,0,0,74,15:34,53.1
Valtteri Filppula,DET,L,C,70,6,15,-42,24,4,15,1,5,1,1,0,0,63,16:37,44.9
Corey Perry,DAL,R,R,57,5,16,-2,70,4,14,1,7,0,0,0,0,77,13:43,40
Tyler Myers,VAN,R,D,68,6,15,-7,49,4,13,1,7,1,1,0,1,134,21:30,--
Nick Leddy,NYI,L,D,60,3,18,-1,14,2,17,1,4,0,0,0,0,72,21:07,--
Ben Chiarot,MTL,L,D,69,9,12,5,61,9,21,0,0,0,0,2,3,130,23:08,--
Josh Archibald,EDM,R,R,62,12,9,-8,12,10,18,0,0,2,3,1,3,64,13:14,0
Matt Nieto,COL,L,L,70,8,13,7,6,6,19,0,0,2,2,0,3,85,13:30,40
Matt Grzelcyk,BOS,L,D,68,4,17,15,34,3,13,1,7,0,1,0,1,112,18:04,--
Andreas Johnsson,TOR,L,L,43,8,13,0,14,4,16,4,5,0,0,0,1,78,15:45,0
Will Butcher,NJD,L,D,56,4,17,-8,6,4,20,0,1,0,0,0,1,62,17:55,--
Mattias Janmark,DAL,L,C,62,6,15,-5,12,4,14,1,5,1,2,0,0,86,14:37,43.5
Jason Dickinson,DAL,L,C,65,9,12,7,6,9,20,0,0,0,1,0,1,85,14:59,43.9
Nick Ritchie,ANA,L,L,48,9,12,1,97,7,18,2,3,0,0,0,2,78,14:09,12.5
Ethan Bear,EDM,R,D,71,5,16,-4,33,4,19,1,2,0,0,0,1,99,21:58,--
Joel Farabee,PHI,L,L,52,8,13,6,39,7,19,1,2,0,0,0,1,81,14:06,30
Jack Hughes,NJD,L,C,61,7,14,-26,10,3,12,4,9,0,0,1,2,123,15:52,36.2
Milan Lucic,CGY,L,L,68,8,12,-6,54,3,12,5,8,0,0,0,1,83,13:20,43.5
Artem Anisimov,OTT,L,C,49,15,5,-15,8,10,14,5,6,0,0,1,1,87,13:51,50
Christopher Tanev,VAN,R,D,69,2,18,4,41,2,18,0,1,0,1,1,1,45,19:32,--
Tyler Pitlick,PHI,R,C,63,8,12,11,12,8,20,0,0,0,0,0,1,76,12:03,27.8
Joel Edmundson,CAR,L,D,68,7,13,7,72,7,20,0,0,0,0,0,0,97,18:27,--
Mike Matheson,FLA,L,D,59,8,12,-1,14,7,18,1,2,0,0,0,1,104,18:02,--
Radek Faksa,DAL,L,C,66,11,9,-6,42,8,17,3,3,0,0,0,3,109,15:53,49.9
Jimmy Vesey,BUF,L,L,64,9,11,12,15,8,18,0,1,1,1,0,2,93,13:48,0
Michael Raffl,PHI,L,L,58,8,12,-2,14,7,18,0,1,1,1,0,2,66,12:22,50.3
Nick Paul,OTT,L,L,56,9,11,0,24,9,19,0,1,0,0,0,2,103,14:27,51.2
Ryan Hartman,MIN,R,R,69,9,11,4,69,8,19,1,1,0,0,0,1,114,12:15,54.6
Emil Bemstrom,CBJ,R,C,56,10,10,-10,8,5,12,5,8,0,0,1,4,97,12:16,30.8
Anton Stralman,FLA,R,D,69,5,14,-6,14,5,18,0,0,0,1,0,3,89,21:04,--
Kyle Okposo,BUF,R,R,52,9,10,-3,28,8,18,1,1,0,0,0,2,82,12:51,53.5
Justin Braun,PHI,R,D,62,3,16,-2,18,3,18,0,1,0,0,0,0,70,17:16,--
TJ Brodie,CGY,L,D,64,4,15,7,36,4,18,0,1,0,0,1,1,65,20:27,--
Josh Leivo,VAN,R,L,36,7,12,0,4,7,14,0,5,0,0,0,0,69,15:01,58.8
Connor Murphy,CHI,R,D,58,5,14,2,27,5,18,0,0,0,1,0,0,117,21:15,--
Brad Hunt,MIN,L,D,59,8,11,-7,6,5,9,3,10,0,0,0,0,106,15:08,--
Zemgus Girgensons,BUF,L,L,69,12,7,-1,10,11,18,0,0,1,1,0,1,85,13:48,41.1
Carter Rowney,ANA,R,C,71,8,11,5,14,6,15,0,0,2,4,0,1,63,12:49,45.6
William Carrier,VGK,L,L,71,7,12,0,39,7,19,0,0,0,0,0,1,99,9:52,64.3
Anders Bjork,BOS,L,L,58,9,10,5,10,8,18,1,1,0,0,0,0,66,12:56,33.3
Brandon Carlo,BOS,R,D,67,4,15,16,33,4,19,0,0,0,0,0,0,111,20:29,--
Brett Howden,NYR,L,C,70,9,10,-11,28,8,15,1,2,0,2,0,2,64,13:09,48.2
P.K. Subban,NJD,R,D,68,7,11,-21,79,5,12,2,6,0,0,0,3,151,22:07,--
Mark Borowiecki,OTT,L,D,53,7,11,1,58,6,17,0,0,1,1,0,0,63,17:56,--
Justin Holl,TOR,R,D,68,2,16,13,43,2,18,0,0,0,0,0,0,89,18:31,--
Johan Larsson,BUF,L,L,62,6,12,8,26,6,18,0,0,0,0,0,0,60,14:54,48.2
Mark Pysyk,FLA,R,D,58,9,9,4,20,9,18,0,0,0,0,0,1,64,12:45,50
Marcus Sorensen,SJS,L,L,66,7,11,-12,26,6,17,0,0,1,1,0,0,78,13:51,15
Cedric Paquette,TBL,L,C,61,7,11,-1,42,6,16,0,0,1,2,0,0,78,13:03,50.9
MacKenzie Weegar,FLA,R,D,45,7,11,6,33,7,18,0,0,0,0,0,1,77,20:07,--
Brett Pesce,CAR,R,D,61,4,14,7,27,4,16,0,0,0,2,0,0,104,21:53,--
Brendan Lemieux,NYR,L,L,59,6,12,-14,111,3,11,2,5,1,2,0,0,86,12:52,36.7
Brandon Montour,BUF,R,D,54,5,13,13,28,5,16,0,2,0,0,0,0,86,19:30,--
Oskar Lindblom,PHI,L,L,30,11,7,4,4,8,14,3,4,0,0,0,0,72,17:37,40.6
Vladislav Gavrikov,CBJ,L,D,69,5,13,1,18,5,18,0,0,0,0,0,1,81,18:59,--
Matt Roy,LAK,R,D,70,4,14,16,10,4,17,0,1,0,0,0,0,112,18:07,--
Michal Kempny,WSH,L,D,58,3,15,19,22,3,18,0,0,0,0,0,0,73,18:38,--
Alexander Steen,STL,L,L,55,7,10,7,12,7,16,0,1,0,0,0,0,71,14:02,53.3
Brandon Sutter,VAN,R,C,44,8,9,1,25,7,14,1,3,0,0,0,0,76,14:51,48.9
Kyle Clifford,LAK,L,L,69,7,10,-7,68,7,17,0,0,0,0,0,0,110,11:11,60
Olli Maatta,CHI,L,D,65,4,13,0,20,4,15,0,0,0,2,0,0,80,18:25,--
Brock McGinn,CAR,L,L,68,7,10,-4,17,5,15,0,0,2,2,0,1,93,13:12,38.5
Madison Bowey,DET,R,D,53,3,14,-16,34,3,16,0,1,0,0,0,0,70,17:54,--
Alex Tuch,VGK,R,R,42,8,9,-10,8,5,10,3,7,0,0,0,2,98,14:37,28.6
Troy Stecher,VAN,R,D,69,5,12,10,32,5,17,0,0,0,0,0,0,86,15:21,--
Blake Comeau,DAL,R,L,55,8,8,-6,36,7,14,0,0,1,2,0,2,74,14:56,43.8
Darren Helm,DET,L,C,68,9,7,-6,37,8,14,0,0,1,2,0,0,102,13:44,53.6
Erik Johnson,COL,R,D,59,3,13,9,20,3,16,0,0,0,0,0,1,99,21:03,--
Colton Sceviour,FLA,R,C,69,6,10,2,6,6,16,0,0,0,0,0,0,114,13:15,43.9
Alec Martinez,LAK,L,D,51,3,13,-4,23,3,12,0,4,0,0,0,0,75,21:30,--
Justin Faulk,STL,R,D,69,5,11,-3,32,4,12,1,3,0,1,0,1,147,20:34,--
Mike Reilly,MTL,L,D,44,1,15,-6,24,0,6,1,9,0,1,0,1,85,18:01,--
Ben Hutton,LAK,L,D,65,4,12,5,14,4,16,0,0,0,0,0,1,114,18:16,--
Tucker Poolman,WPG,R,D,57,4,12,-1,24,3,15,0,0,1,1,0,1,64,17:27,--
Garnet Hathaway,WSH,R,R,66,9,7,6,79,9,15,0,0,0,1,0,1,80,10:47,31
Michael Amadio,LAK,R,C,68,6,10,-11,10,6,13,0,3,0,0,0,0,99,13:01,48.3
Philippe Myers,PHI,R,D,50,4,12,17,30,4,16,0,0,0,0,0,0,78,17:06,--
Dillon Dube,CGY,L,C,45,6,10,0,6,5,14,1,2,0,0,0,2,60,12:41,0
David Kampf,CHI,L,C,70,8,8,-11,8,7,15,0,0,1,1,0,2,90,13:40,52.3
Brian Boyle,FLA,L,C,39,6,9,-5,17,5,14,1,1,0,0,0,1,56,12:23,52.4
Nate Thompson,MTL,L,C,70,4,11,-1,30,4,14,0,0,0,1,0,1,67,12:47,55
Marc-Edouard Vlasic,SJS,L,D,70,5,10,-10,10,4,14,0,0,1,1,0,1,74,20:18,--
Ryan Reaves,VGK,R,R,71,8,7,-5,47,8,15,0,0,0,0,0,1,61,10:09,46.2
Mathieu Perreault,WPG,L,C,49,7,8,-9,10,5,13,2,2,0,0,0,0,71,13:06,68.4
Michael Del Zotto,ANA,L,D,49,2,13,5,14,2,14,0,1,0,0,0,0,57,18:43,--
Cody Eakin,VGK,L,C,49,5,10,-3,16,5,14,0,1,0,0,0,1,61,14:35,48.5
Nic Dowd,WSH,R,C,56,7,8,11,28,4,12,0,0,3,3,0,1,52,10:50,49.7
Radko Gudas,WSH,R,D,63,2,13,15,40,2,15,0,0,0,0,0,1,90,16:44,--
Jordan Weal,MTL,R,C,49,8,7,-8,14,6,10,2,5,0,0,0,2,86,13:37,49.7
Riley Sheahan,EDM,L,C,66,8,7,-13,6,7,13,0,0,1,2,0,1,70,12:48,49
Colton Sissons,NSH,R,C,57,9,6,-2,20,8,14,0,0,1,1,0,2,52,14:20,51.3
Jonathan Drouin,MTL,L,L,27,7,8,-6,14,6,11,1,4,0,0,0,1,51,15:42,33.3
Ryan Carpenter,CHI,R,C,69,3,12,-6,28,2,12,0,0,1,3,0,0,80,14:04,43.1
Tomas Nosek,VGK,L,L,67,8,7,-2,20,7,14,0,0,1,1,0,1,93,11:36,50.1
Nicolas Aube-Kubel,PHI,R,R,36,7,8,1,19,5,12,2,3,0,0,0,1,48,11:17,33.3
Pierre Engvall,TOR,L,L,48,8,7,4,6,7,13,0,0,1,2,0,3,72,11:56,39.1
Troy Terry,ANA,R,R,47,4,11,-5,6,4,13,0,2,0,0,0,0,73,14:31,37.5
Drake Caggiula,CHI,L,C,40,9,6,-3,32,8,13,1,1,0,1,0,0,56,11:49,28.6
Henri Jokiharju,BUF,R,D,69,4,11,-6,32,3,13,1,2,0,0,0,0,78,17:13,--
Filip Zadina,DET,L,R,28,8,7,-13,2,4,8,4,7,0,0,0,1,60,15:10,100
Zdeno Chara,BOS,L,D,68,5,9,26,60,5,14,0,0,0,0,0,2,86,21:01,--
Andrew Cogliano,DAL,L,C,68,3,11,2,30,3,14,0,0,0,0,0,0,68,12:28,46
Andy Greene,NJD,L,D,63,2,12,1,16,2,11,0,1,0,2,0,0,60,19:33,--
Leo Komarov,NYI,L,R,48,4,10,2,10,4,13,0,0,0,1,0,1,46,12:36,39.5
Michael Frolik,CGY,L,R,57,6,8,-12,28,4,11,0,0,2,3,0,1,70,12:26,28.6
Riley Nash,CBJ,R,C,64,5,9,6,10,4,13,0,0,1,1,0,1,64,11:51,47.9
Nick Holden,VGK,L,D,61,6,8,-1,13,5,12,1,1,0,1,0,0,101,18:51,--
Casey Cizikas,NYI,L,C,48,10,4,12,41,7,9,0,0,3,5,0,1,67,14:18,53.5
Brenden Dillon,SJS,L,D,69,1,13,-2,104,1,13,0,0,0,1,0,0,58,19:27,--
Austin Watson,NSH,R,L,53,6,8,-9,65,6,12,0,0,0,2,0,1,50,11:37,50
Nikolai Prokhorkin,LAK,L,L,43,4,10,-6,6,4,11,0,3,0,0,0,1,63,12:06,47.6
Carson Soucy,MIN,L,D,55,7,7,16,18,6,13,0,0,1,1,0,1,61,15:38,--
Haydn Fleury,CAR,L,D,45,4,10,-2,8,4,13,0,0,0,1,0,0,65,13:40,--
Ryan Lindgren,NYR,L,D,60,1,13,16,47,1,14,0,0,0,0,0,0,47,16:34,--
Loui Eriksson,VAN,L,L,49,6,7,-2,12,6,13,0,0,0,0,0,0,59,12:22,100
Sam Gagner,EDM,R,C,42,6,7,-10,12,4,10,2,3,0,0,0,0,79,13:21,44.1
Marco Scandella,BUF,L,D,62,4,9,14,20,4,13,0,0,0,0,0,0,77,17:35,--
Antoine Roussel,VAN,L,L,41,7,6,0,43,6,11,1,2,0,0,0,1,55,11:50,50
Nicolas Deslauriers,ANA,L,L,59,7,6,-1,92,7,13,0,0,0,0,0,1,64,9:47,--
Scott Mayfield,NYI,R,D,67,5,8,8,53,5,11,0,0,0,2,0,1,98,19:57,--
Victor Rask,MIN,L,C,43,5,8,7,6,5,13,0,0,0,0,0,2,38,10:29,44.1
Jordan Martinook,CAR,L,L,45,2,11,-2,22,2,11,0,0,0,2,0,1,44,11:16,51.6
Jake McCabe,BUF,L,D,66,3,10,-11,41,2,12,0,0,1,1,0,1,75,18:32,--
Carter Verhaeghe,TBL,L,C,52,9,4,-9,8,8,12,1,1,0,0,0,1,57,9:22,45.2
Robert Hagg,PHI,L,D,49,3,10,14,30,2,12,1,1,0,0,0,0,38,15:36,--
Nikita Zadorov,COL,L,D,64,4,9,6,65,4,13,0,0,0,0,0,0,65,17:46,--
Jordan Oesterle,ARI,L,D,58,3,10,-9,14,3,11,0,2,0,0,0,0,69,17:01,--
Sam Lafferty,PIT,R,R,50,6,7,5,23,6,13,0,0,0,0,0,1,56,9:37,49.6
Sammy Blais,STL,L,L,40,6,7,-2,20,6,13,0,0,0,0,0,1,56,12:35,--
Zach Aston-Reese,PIT,L,L,57,6,7,6,28,5,12,0,0,1,1,0,0,98,14:25,30.4
Alexandre Texier,CBJ,L,C,36,6,7,3,10,6,12,0,1,0,0,1,1,49,12:45,36.5
Adam Boqvist,CHI,R,D,41,4,9,-3,6,4,11,0,2,0,0,0,1,50,16:13,--
Ron Hainsey,OTT,L,D,64,1,11,10,12,1,9,0,0,0,3,0,1,43,20:41,--
Trevor Lewis,LAK,R,C,56,6,6,-7,16,6,12,0,0,0,0,0,1,92,11:54,38.8
Ryan McDonagh,TBL,L,D,50,1,11,7,19,1,11,0,0,0,1,0,0,50,20:42,--
Justin Schultz,PIT,R,D,46,3,9,-13,6,3,6,0,6,0,0,0,0,86,19:52,--
Travis Hamonic,CGY,R,D,50,3,9,-3,27,3,12,0,0,0,0,0,0,83,21:12,--
Shayne Gostisbehere,PHI,L,D,42,5,7,-4,20,4,7,1,5,0,0,0,1,73,18:18,--
Devin Shore,ANA,L,C,45,5,7,-10,8,5,10,0,2,0,0,0,1,50,11:39,47
Frederik Gauthier,TOR,L,C,61,7,5,-4,10,7,12,0,0,0,0,0,0,42,9:23,54.7
Melker Karlsson,SJS,R,C,61,6,6,-7,20,6,12,0,0,0,0,0,0,56,12:16,45.2
Sam Bennett,CGY,L,C,52,8,4,-1,36,8,11,0,1,0,0,0,0,82,12:31,51.7
Erik Cernak,TBL,R,D,67,5,7,11,59,5,12,0,0,0,0,0,1,125,18:57,--
Denis Malgin,FLA,R,C,44,4,8,-9,14,3,10,1,1,0,1,0,0,50,11:59,39.9
Max Jones,ANA,L,L,59,8,4,-6,36,7,10,0,1,1,1,0,0,102,14:16,40.7
Nikita Zaitsev,OTT,R,D,58,1,11,-8,22,1,12,0,0,0,0,0,0,64,22:09,--
Cody Glass,VGK,R,C,39,5,7,-7,6,4,6,1,6,0,0,0,1,51,13:22,42
Eric Robinson,CBJ,L,L,50,7,5,10,12,7,12,0,0,0,0,0,3,69,10:57,36.4
Justin Williams,CAR,R,R,20,8,3,2,6,6,8,2,3,0,0,0,2,60,13:37,30
Johnny Boychuk,NYI,R,D,64,2,9,-11,14,1,10,1,1,0,0,0,0,96,17:17,--
Brad Richardson,ARI,L,R,59,6,5,1,20,5,9,0,0,1,2,0,3,76,13:39,54
Mike Green,DET,R,D,50,3,8,-34,32,2,7,1,4,0,0,0,1,76,20:53,--
Jack Johnson,PIT,L,D,67,3,8,-1,26,2,10,0,0,1,1,0,0,63,19:28,--
Marc Staal,NYR,L,D,52,2,9,5,16,2,11,0,0,0,0,0,0,46,17:39,--
Michael Grabner,ARI,L,L,46,8,3,-4,6,7,10,0,0,1,1,0,0,61,12:22,0
Jason Demers,ARI,R,D,50,0,11,5,25,0,10,0,0,0,1,0,0,53,20:30,--
Zack Smith,CHI,L,C,50,4,7,2,29,3,9,0,0,1,2,0,1,43,11:47,46.3
David Savard,CBJ,R,D,68,0,11,-3,35,0,9,0,2,0,0,0,0,97,20:41,--
Colin Miller,BUF,R,D,51,1,10,-9,22,1,8,0,3,0,0,1,1,79,17:08,--
Brendan Leipsic,WSH,L,L,61,3,8,3,13,3,10,0,1,0,0,0,1,49,9:10,42.9
Dominic Toninato,FLA,L,C,46,4,7,4,37,4,11,0,0,0,0,0,0,38,11:09,47.1
Travis Dermott,TOR,L,D,56,4,7,14,37,4,11,0,0,0,0,0,1,65,17:19,--
Austin Wagner,LAK,L,L,65,6,5,-5,39,6,11,0,0,0,0,0,0,124,11:45,33.3
Jacob Larsson,ANA,L,D,60,2,9,-9,12,2,11,0,0,0,0,0,0,58,16:09,--
Dante Fabbro,NSH,R,D,64,5,6,-7,38,4,10,1,1,0,0,0,0,92,19:02,--
Victor Mete,MTL,L,D,51,4,7,5,20,4,10,0,1,0,0,0,1,57,16:00,--
Dylan Gambrell,SJS,R,C,50,5,6,-8,17,5,10,0,1,0,0,0,1,43,11:57,46
Nicolas Hague,VGK,L,D,38,1,10,0,32,0,7,1,4,0,0,0,0,54,16:05,--
Mario Ferraro,SJS,L,D,61,2,9,-15,30,2,10,0,0,0,1,0,0,63,15:53,--
Max Comtois,ANA,L,L,29,5,6,-4,24,3,8,2,3,0,0,0,0,32,13:58,18.8
Nathan Gerbe,CBJ,L,C,30,4,6,-7,22,4,10,0,0,0,0,0,0,55,13:45,50
Paul Byron,MTL,L,L,29,4,6,5,4,3,9,0,0,1,1,0,0,29,14:20,16.7
Luca Sbisa,WPG,L,D,44,2,8,1,37,2,10,0,0,0,0,0,0,49,17:56,--
Dmitry Kulikov,WPG,L,D,51,2,8,-4,32,2,10,0,0,0,0,0,1,54,20:01,--
Vladimir Tarasenko,STL,L,R,10,3,7,-2,0,2,7,1,3,0,0,0,0,26,16:11,--
Chris Wagner,BOS,R,R,67,6,4,-8,47,5,9,0,0,1,1,0,0,78,12:26,46.2
Colin Blackwell,NSH,R,C,27,3,7,7,10,3,10,0,0,0,0,0,0,31,10:57,56.1
Travis Boyd,WSH,R,C,24,3,7,9,2,3,9,0,1,0,0,0,0,26,11:45,42
Dylan DeMelo,OTT,R,D,59,0,10,4,37,0,8,0,0,0,2,0,0,74,20:09,--
Tobias Rieder,CGY,L,L,55,4,6,-12,6,3,8,0,0,1,2,0,0,77,11:05,20.8
Andrew Shaw,CHI,R,R,26,3,7,-4,33,2,8,1,2,0,0,0,0,46,14:27,45.2
Adam Lowry,WPG,L,C,49,4,6,-4,23,3,8,0,0,1,2,0,1,68,14:58,53.8
Jamie Oleksiak,DAL,L,D,69,3,7,-6,41,3,10,0,0,0,0,0,1,76,15:49,--
Slater Koekkoek,CHI,L,D,42,1,9,3,42,1,10,0,0,0,0,0,1,47,16:45,--
Mackenzie MacEachern,STL,L,L,51,7,3,2,33,7,10,0,0,0,0,0,2,63,8:57,25
Jujhar Khaira,EDM,L,L,64,6,4,-19,38,6,10,0,0,0,0,0,1,69,12:32,51.5
Curtis Lazar,BUF,R,C,38,5,5,-3,9,5,9,0,0,0,1,0,0,33,11:50,51.3
Michael Dal Colle,NYI,L,L,53,4,6,-8,12,4,10,0,0,0,0,0,0,59,11:48,71.4
Jayce Hawryluk,FLA,R,C,26,3,7,1,16,3,10,0,0,0,0,0,0,26,11:06,33.3
Nicolas Roy,VGK,R,C,28,5,5,3,8,4,9,1,1,0,0,0,1,42,11:26,48.2
Evan Rodrigues,BUF,R,C,45,6,4,-8,14,5,9,1,1,0,0,0,1,75,11:17,46.7
Kevin Stenlund,CBJ,R,C,32,6,4,2,8,3,5,3,5,0,0,0,1,57,13:59,40.3
Trevor Moore,TOR,L,C,42,6,4,-4,6,6,9,0,0,0,1,0,0,60,12:54,28.6
Drake Batherson,OTT,R,R,23,3,7,-12,13,2,4,1,6,0,0,0,0,32,15:34,57.1
Gaetan Haas,EDM,R,C,58,5,5,-1,6,5,9,0,1,0,0,0,0,54,9:42,42.2
Frans Nielsen,DET,L,C,60,4,5,-13,8,3,5,0,2,1,2,0,0,86,13:41,46.1
Jay Bouwmeester,STL,L,D,56,1,8,6,20,1,8,0,0,0,1,0,0,53,21:34,--
Kris Russell,EDM,L,D,55,0,9,0,14,0,8,0,0,0,1,0,0,45,16:47,--
Brayden McNabb,VGK,L,D,71,2,7,1,40,1,8,0,0,1,1,0,0,73,20:01,--
Greg McKegg,NYR,L,C,53,5,4,-2,17,4,7,0,0,1,2,0,0,40,9:34,49.3
Patrik Nemeth,DET,L,D,64,1,8,-10,28,1,8,0,0,0,1,0,1,89,22:02,--
Erik Gudbranson,PIT,R,D,51,4,5,0,95,4,8,0,0,0,1,0,0,78,19:22,--
Taylor Fedun,DAL,R,D,27,2,7,3,8,2,9,0,0,0,0,0,0,40,13:45,--
Josh Manson,ANA,R,D,50,1,8,-10,37,1,8,0,0,0,1,0,0,64,20:38,--
Stefan Noesen,PIT,R,R,40,7,2,-1,32,6,8,1,1,0,0,0,2,67,11:32,38.9
Luke Glendening,DET,R,C,60,6,3,-29,14,5,8,0,0,1,1,0,1,76,15:21,56.1
Ryan Murray,CBJ,L,D,27,2,7,-9,4,2,7,0,2,0,0,0,0,32,19:57,--
Adam Pelech,NYI,L,D,38,1,8,4,20,1,7,0,0,0,2,0,0,49,21:08,--
Jacob de la Rose,DET,L,L,50,2,7,2,10,2,9,0,0,0,0,0,0,46,10:43,43.1
Jonas Siegenthaler,WSH,L,D,64,2,7,11,43,2,9,0,0,0,0,0,1,49,15:44,--
Christian Fischer,ARI,R,R,56,6,3,2,16,6,9,0,0,0,0,0,1,83,11:01,27.3
Caleb Jones,EDM,L,D,43,4,5,-1,10,4,8,0,1,0,0,0,1,38,14:08,--
Dmytro Timashov,TOR,L,L,44,4,5,1,16,4,9,0,0,0,0,0,1,37,8:32,--
Markus Nutivaara,CBJ,L,D,37,3,6,2,4,3,8,0,1,0,0,0,0,47,15:55,--
Kevin Rooney,NJD,L,C,49,4,5,8,20,2,6,0,0,2,3,0,0,59,11:44,47
Jordan Kyrou,STL,R,C,28,4,5,1,8,4,8,0,1,0,0,0,0,39,10:54,40
Casey Mittelstadt,BUF,L,C,31,4,5,-5,2,3,7,1,2,0,0,0,1,34,12:46,46.5
Radim Simek,SJS,L,D,48,2,7,-13,14,2,9,0,0,0,0,0,0,40,17:11,--
Joakim Nygard,EDM,L,L,33,3,6,0,8,2,8,1,1,0,0,0,0,39,10:41,50
Dan Hamhuis,NSH,L,D,60,0,8,6,35,0,8,0,0,0,0,0,0,44,14:31,--
Andrej Sekera,DAL,L,D,57,2,6,9,14,1,7,0,0,1,1,0,0,63,18:00,--
Bobby Ryan,OTT,R,R,24,5,3,3,22,5,8,0,0,0,0,0,0,43,13:31,60
Brendan Smith,NYR,L,D,62,3,5,-12,71,2,6,0,0,1,2,0,0,45,11:06,100
Jay Beagle,VAN,R,C,55,2,6,-9,38,1,6,0,0,1,2,0,1,49,12:34,59.1
Matt Martin,NYI,L,L,55,5,3,-1,40,5,8,0,0,0,0,0,2,49,10:25,42.9
Brian Dumoulin,PIT,L,D,28,1,7,17,10,0,6,0,1,1,1,0,0,35,21:03,--
Nick Jensen,WSH,R,D,68,0,8,1,13,0,7,0,1,0,0,0,0,61,17:49,--
Anthony Bitetto,WPG,L,D,51,0,8,3,32,0,7,0,0,0,1,0,0,54,15:10,--
Scott Harrington,CBJ,L,D,39,1,7,-3,16,1,8,0,0,0,0,0,0,37,13:57,--
Nathan Beaulieu,WPG,L,D,38,1,7,15,29,1,8,0,0,0,0,0,1,38,17:00,--
Cody Ceci,TOR,R,D,56,1,7,7,20,1,8,0,0,0,0,0,1,48,20:32,--
Martin Frk,LAK,R,R,17,6,2,-1,4,5,7,1,1,0,0,0,1,26,13:50,--
Matt Benning,EDM,R,D,43,1,7,8,15,1,8,0,0,0,0,0,0,38,13:14,--
Kurtis MacDermid,LAK,L,D,45,3,5,-9,47,3,7,0,0,0,1,0,0,51,13:43,--
Tyler Motte,VAN,L,C,34,4,4,-10,10,4,8,0,0,0,0,0,0,38,13:07,42.1
Josh Brown,FLA,R,D,56,3,5,1,39,3,8,0,0,0,0,0,1,48,13:25,--
Trevor van Riemsdyk,CAR,R,D,49,1,7,-7,10,1,8,0,0,0,0,0,0,58,14:52,--
Vladislav Kamenev,COL,L,C,38,1,7,-2,8,1,6,0,2,0,0,0,1,32,8:59,53.3
Brendan Guhle,ANA,L,D,30,4,4,-2,10,4,8,0,0,0,0,0,1,39,17:04,--
Mason Appleton,WPG,R,C,46,5,3,-9,20,4,7,0,0,1,1,0,0,55,11:10,38.5
Logan Brown,OTT,L,C,23,1,7,0,4,0,5,1,3,0,0,0,1,23,11:45,41
Dennis Cholowski,DET,L,D,36,2,6,-26,6,1,3,1,5,0,0,1,1,51,19:13,--
Jesperi Kotkaniemi,MTL,L,C,36,6,2,-11,23,5,6,1,2,0,0,0,0,55,13:00,42.8
Rasmus Sandin,TOR,L,D,28,1,7,-7,10,1,6,0,2,0,0,0,1,22,14:19,--
Trevor Daley,DET,L,D,43,0,7,-22,20,0,5,0,2,0,0,0,0,37,15:39,--
Cal Clutterbuck,NYI,R,R,37,3,4,6,22,2,5,0,0,1,2,0,0,35,13:25,44.4
Carl Gunnarsson,STL,L,D,36,2,5,8,16,2,6,0,0,0,1,0,0,31,15:47,--
Zach Bogosian,BUF,R,D,27,1,6,0,22,1,6,0,0,0,1,0,0,29,16:38,--
Michael Stone,CGY,R,D,33,2,5,-5,16,2,7,0,0,0,0,0,0,57,16:19,--
Jordie Benn,VAN,L,D,44,1,6,-7,17,1,7,0,0,0,0,0,1,58,16:17,--
Jon Merrill,VGK,L,D,49,2,5,9,32,2,6,0,0,0,1,0,0,37,18:09,--
Joakim Nordstrom,BOS,L,C,48,4,3,-6,17,4,7,0,0,0,0,0,0,49,12:06,14.3
Mark Jankowski,CGY,L,C,56,5,2,-12,14,5,7,0,0,0,0,0,0,38,11:06,44.7
Brett Kulak,MTL,L,D,56,0,7,-1,12,0,7,0,0,0,0,0,0,101,17:08,--
Mirco Mueller,NJD,L,D,50,2,5,-13,23,2,6,0,1,0,0,0,0,29,17:39,--
Jansen Harkins,WPG,L,C,29,2,5,-2,5,2,7,0,0,0,0,0,0,29,10:37,0
Oliver Kylington,CGY,L,D,48,2,5,-6,16,2,7,0,0,0,0,0,0,37,13:42,--
Mathieu Joseph,TBL,L,R,37,4,3,-2,16,4,6,0,0,0,1,0,0,35,11:31,28.6
Gabriel Vilardi,LAK,R,C,10,3,4,0,4,2,5,1,2,0,0,0,0,19,12:51,53.3
Morgan Frost,PHI,L,C,20,2,5,-3,4,1,6,0,0,1,1,0,0,31,13:41,47.3
Jan Rutta,TBL,R,D,33,1,6,6,14,1,7,0,0,0,0,0,0,43,15:33,--
Noah Dobson,NYI,R,D,34,1,6,-1,8,1,6,0,1,0,0,0,0,37,13:17,--
Juuso Riikola,PIT,L,D,36,1,6,3,6,1,5,0,2,0,0,0,0,38,13:53,--
Antti Suomela,SJS,L,C,20,1,6,4,4,1,7,0,0,0,0,0,0,18,9:41,54.8
Taro Hirose,DET,L,L,26,2,5,-12,6,2,2,0,5,0,0,0,0,21,12:33,0
Joel Kellman,SJS,L,C,31,3,4,-1,4,3,6,0,0,0,1,0,1,31,11:35,47.1
Deryk Engelland,VGK,R,D,49,1,5,6,37,1,5,0,0,0,1,0,1,59,17:33,--
David Backes,BOS,R,R,22,1,5,-1,22,0,5,1,1,0,0,0,1,34,9:24,38
Robert Bortuzzo,STL,R,D,42,2,4,12,21,2,6,0,0,0,0,0,1,36,13:07,--
Calvin de Haan,CHI,L,D,29,1,5,10,10,1,6,0,0,0,0,0,0,42,19:55,--
Gabriel Bourque,WPG,L,L,52,2,4,-1,7,2,6,0,0,0,0,0,0,33,8:36,40
Justin Dowling,DAL,L,C,29,3,3,-3,8,3,6,0,0,0,0,0,1,29,10:57,43.8
Tom Kuhnhackl,NYI,L,R,28,3,3,-4,2,3,5,0,0,0,1,0,1,28,11:18,--
Nicholas Shore,TOR,R,C,63,3,3,1,20,3,6,0,0,0,0,0,0,45,9:11,55.3
Brett Ritchie,BOS,R,R,27,2,4,-3,21,2,5,0,1,0,0,0,1,34,10:24,40
Adam Larsson,EDM,R,D,49,1,5,0,35,1,6,0,0,0,0,0,0,61,19:50,--
Connor Carrick,NJD,R,D,29,1,5,-6,17,1,6,0,0,0,0,0,1,25,14:25,--
Scott Sabourin,OTT,R,R,35,2,4,-6,33,2,6,0,0,0,0,0,0,29,7:01,0
Tim Schaller,VAN,L,L,53,5,1,-14,14,4,5,0,0,1,1,0,0,49,11:34,38.9
Chad Ruhwedel,PIT,R,D,41,2,4,4,12,2,6,0,0,0,0,0,0,44,14:46,--
Matthew Highmore,CHI,L,C,36,2,4,-1,6,2,6,0,0,0,0,0,0,35,9:49,25
Mitchell Stephens,TBL,R,C,38,3,3,-9,10,3,6,0,0,0,0,0,0,43,10:47,52.5
Filip Chlapik,OTT,L,C,31,3,3,-7,10,3,6,0,0,0,0,0,1,27,8:46,38.7
Yakov Trenin,NSH,L,C,21,2,4,1,9,2,6,0,0,0,0,0,0,25,9:44,75
Joey Anderson,NJD,R,R,18,4,2,1,2,4,6,0,0,0,0,0,0,21,13:13,50
Zack MacEwen,VAN,R,C,17,5,1,6,20,5,6,0,0,0,0,0,0,17,9:37,50
Oscar Fantenberg,VAN,L,D,36,1,5,-10,6,1,5,0,1,0,0,0,0,45,15:55,--
Karson Kuhlman,BOS,R,C,25,1,5,3,13,0,5,1,1,0,0,0,0,45,12:32,25
Par Lindholm,BOS,L,C,40,3,3,6,4,3,6,0,0,0,0,0,1,35,11:15,45.8
Niklas Hjalmarsson,ARI,L,D,27,1,4,-2,14,1,4,0,0,0,1,0,0,18,18:46,--
Bryan Little,WPG,R,C,7,2,3,4,2,2,5,0,0,0,0,1,1,13,16:09,45.3
Dale Weise,MTL,R,R,23,1,4,1,16,1,5,0,0,0,0,0,0,15,9:16,--
Zac Rinaldo,CGY,L,C,19,3,2,-1,34,3,5,0,0,0,0,0,2,19,8:16,--
Stephen Johns,DAL,R,D,17,2,3,0,10,2,5,0,0,0,0,0,0,30,17:40,--
Jarred Tinordi,NSH,L,D,28,1,4,-1,34,1,4,0,0,0,1,0,0,20,16:37,--
Tim Heed,SJS,R,D,38,1,4,-10,2,1,4,0,1,0,0,0,0,44,13:00,0
Micheal Ferland,VAN,L,L,14,1,4,-3,7,1,5,0,0,0,0,0,0,15,9:48,100
Logan Shaw,WPG,R,R,35,3,2,0,0,3,4,0,1,0,0,0,0,20,6:49,55
Joseph Blandisi,PIT,L,C,21,2,3,-3,10,2,5,0,0,0,0,0,1,12,8:12,40.7
Joakim Ryan,LAK,L,D,35,1,4,-10,10,1,5,0,0,0,0,0,0,54,19:09,--
Adam Erne,DET,L,L,56,2,3,-24,28,2,5,0,0,0,0,0,0,63,11:49,60.6
Dean Kukan,CBJ,L,D,33,1,4,-9,12,0,4,1,1,0,0,0,0,51,15:58,--
Sami Niku,WPG,L,D,17,0,5,-2,12,0,5,0,0,0,0,0,0,27,16:10,--
Libor Hajek,NYR,L,D,28,0,5,-4,12,0,5,0,0,0,0,0,0,23,15:59,--
Riley Stillman,FLA,L,D,34,0,5,-3,14,0,5,0,0,0,0,0,0,39,19:07,--
Noah Gregor,SJS,L,C,28,3,2,-5,8,2,3,1,2,0,0,0,0,33,10:04,31.6
Patrick Russell,EDM,R,R,45,0,5,-11,12,0,5,0,0,0,0,0,0,58,11:22,50
Matt Luff,LAK,R,R,18,1,4,-5,2,1,5,0,0,0,0,0,0,25,10:22,0
Ville Heinola,WPG,L,D,8,1,4,3,4,1,4,0,1,0,0,0,0,10,18:04,--
Jakob Lilja,CBJ,L,L,37,2,3,5,2,2,5,0,0,0,0,0,0,23,9:54,50
Braydon Coburn,TBL,L,D,40,1,3,5,16,1,4,0,0,0,0,0,0,44,14:03,--
Brent Seabrook,CHI,R,D,32,3,1,1,8,2,3,1,1,0,0,0,1,40,18:09,--
Roman Polak,DAL,R,D,41,0,4,-6,24,0,4,0,0,0,0,0,0,34,16:40,--
Korbinian Holzer,ANA,R,D,49,1,3,-2,37,1,3,0,0,0,1,0,0,39,16:02,--
Colin Wilson,COL,L,C,9,0,4,6,0,0,4,0,0,0,0,0,0,12,12:38,42.9
Mikkel Boedker,OTT,L,L,20,2,2,-1,0,1,3,0,0,1,1,0,0,29,9:43,25
Cameron Gaunce,TBL,L,D,3,1,3,2,4,1,4,0,0,0,0,0,0,5,11:52,--
Martin Marincin,TOR,L,D,26,1,3,-1,14,1,4,0,0,0,0,0,1,28,15:12,--
Markus Granlund,EDM,L,C,34,3,1,-1,14,3,4,0,0,0,0,0,1,26,10:50,43.9
Phillip Di Giuseppe,NYR,L,L,20,1,3,1,2,1,4,0,0,0,0,0,0,35,11:17,0
Josh Anderson,CBJ,R,R,26,1,3,-8,17,1,4,0,0,0,0,0,0,63,16:04,36.8
Danny DeKeyser,DET,L,D,8,0,4,0,4,0,4,0,0,0,0,0,0,12,22:04,--
John Hayden,NJD,R,C,43,3,1,-2,77,3,4,0,0,0,0,0,1,39,9:43,21.1
Valentin Zykov,VGK,R,L,15,1,3,-2,6,0,3,1,1,0,0,0,0,19,12:13,0
Ross Johnston,NYI,L,L,32,3,1,1,78,3,4,0,0,0,0,0,0,16,7:59,100
Dakota Mermis,NJD,L,D,10,1,3,7,4,1,4,0,0,0,0,0,0,17,19:13,--
Brendan Perlini,CHI,L,L,40,1,3,-18,10,1,4,0,0,0,0,0,0,48,10:42,--
Christoffer Ehn,DET,L,C,54,2,2,-21,2,2,4,0,0,0,0,0,0,36,10:25,42.5
Dryden Hunt,FLA,L,L,21,0,4,0,24,0,4,0,0,0,0,0,0,33,10:30,--
Aleksi Saarela,FLA,L,C,9,2,2,2,0,2,3,0,1,0,0,0,0,15,12:15,35.3
Carl Grundstrom,LAK,L,R,13,0,4,2,8,0,4,0,0,0,0,0,0,16,12:46,--
Josh Mahura,ANA,L,D,11,1,3,-3,2,1,4,0,0,0,0,0,0,11,16:14,--
Morgan Geekie,CAR,R,C,2,3,1,3,2,3,4,0,0,0,0,0,0,4,11:47,54.6
Jesper Boqvist,NJD,L,C,35,4,0,-11,8,3,3,1,1,0,0,0,0,41,10:57,31.3
Erik Brannstrom,OTT,L,D,31,0,4,-9,16,0,3,0,1,0,0,0,0,38,14:51,--
Alexander True,SJS,L,C,12,0,4,1,2,0,4,0,0,0,0,0,0,12,10:00,46.4
Isac Lundestrom,ANA,L,C,15,0,4,-2,0,0,3,0,1,0,0,0,0,10,13:55,46.8
Barrett Hayton,ARI,L,C,20,1,3,2,14,1,4,0,0,0,0,0,1,27,11:09,37.7
Ilya Lyubushkin,ARI,R,D,51,0,4,4,18,0,4,0,0,0,0,0,0,41,14:11,--
Justin Abdelkader,DET,L,L,49,0,3,-14,25,0,3,0,0,0,0,0,0,40,11:32,55.1
Vladimir Sobotka,BUF,L,C,16,1,2,2,4,1,3,0,0,0,0,0,0,23,14:16,55.7
Alex Biega,DET,R,D,49,0,3,-9,24,0,3,0,0,0,0,0,0,55,16:25,--
Yannick Weber,NSH,R,D,41,1,2,-1,14,1,3,0,0,0,0,0,1,45,14:01,--
Luke Schenn,TBL,R,D,25,1,2,-8,23,1,3,0,0,0,0,0,0,31,12:27,--
Greg Pateryn,MIN,R,D,20,0,3,1,6,0,3,0,0,0,0,0,0,22,15:28,--
Luke Witkowski,TBL,R,D,12,1,2,-4,13,1,3,0,0,0,0,0,0,10,8:48,--
John Moore,BOS,L,D,24,2,1,-2,11,2,3,0,0,0,0,0,0,33,16:33,--
Andrew Agozzino,PIT,L,L,22,1,2,3,4,1,3,0,0,0,0,0,0,10,7:21,50.7
Matt Irwin,NSH,L,D,36,0,3,-15,15,0,3,0,0,0,0,0,0,58,14:28,--
Matt Tennyson,NJD,R,D,20,0,3,-2,6,0,3,0,0,0,0,0,0,14,12:09,--
Stefan Matteau,CBJ,L,C,9,2,1,0,5,2,3,0,0,0,0,0,0,18,12:22,--
Christian Djoos,WSH,L,D,11,1,2,3,0,1,2,0,1,0,0,0,0,13,19:06,--
Nic Petan,TOR,L,C,16,0,3,-4,4,0,3,0,0,0,0,0,0,19,11:07,25
Andreas Englund,OTT,L,D,24,0,3,-8,12,0,3,0,0,0,0,0,0,10,10:54,--
Dylan Sikura,CHI,L,C,9,1,2,1,0,1,3,0,0,0,0,0,0,10,9:54,0
Jake Evans,MTL,R,C,13,2,1,1,0,2,3,0,0,0,0,0,0,14,10:21,51.8
Dennis Gilbert,CHI,L,D,21,1,2,-8,38,1,3,0,0,0,0,0,0,12,15:42,--
Austin Czarnik,CGY,R,C,8,2,1,1,0,1,2,1,1,0,0,0,0,9,10:11,33.3
Mikhail Vorobyev,PHI,L,C,20,1,2,-5,6,1,3,0,0,0,0,0,0,15,10:26,55.7
Christian Jaros,OTT,R,D,13,0,3,-2,6,0,2,0,0,0,1,0,0,5,10:31,--
Rudolfs Balcers,OTT,L,L,15,1,2,-2,0,1,3,0,0,0,0,0,1,23,12:08,0
Adam Brooks,TOR,L,C,7,0,3,1,0,0,3,0,0,0,0,0,0,2,7:51,50
Julien Gauthier,CAR,R,R,17,0,3,1,8,0,3,0,0,0,0,0,0,10,8:17,33.3
Rasmus Asplund,BUF,L,C,29,1,2,-4,6,1,2,0,0,0,1,0,0,36,10:50,43
Kieffer Bellows,NYI,L,L,8,2,1,3,2,2,3,0,0,0,0,0,1,11,10:39,--
Andrew Peeke,CBJ,R,D,22,1,2,1,4,1,3,0,0,0,0,0,0,23,13:51,--
Givani Smith,DET,L,R,21,2,1,-2,9,2,3,0,0,0,0,0,0,22,9:41,--
Calle Rosen,COL,L,D,12,0,3,0,4,0,3,0,0,0,0,0,0,14,13:35,--
Martin Kaut,COL,R,R,9,2,1,-1,2,1,2,1,1,0,0,0,0,13,10:08,100
Steven Kampfer,BOS,R,D,10,0,2,2,2,0,0,0,2,0,0,0,0,13,13:38,--
Cody Goloubef,OTT,R,D,26,1,1,-3,8,1,2,0,0,0,0,0,0,18,15:11,--
Mark Barberio,COL,L,D,21,0,2,3,16,0,2,0,0,0,0,0,0,29,14:06,--
Brandon Pirri,VGK,L,C,16,0,2,-4,8,0,2,0,0,0,0,0,0,24,12:34,66.7
Nick Bjugstad,PIT,R,C,13,1,1,3,8,1,2,0,0,0,0,0,0,18,12:14,39.6
Sam Carrick,ANA,R,C,9,1,1,-3,0,0,1,0,0,1,1,0,0,16,13:46,45.8
Matthew Peca,MTL,L,C,14,0,2,-4,0,0,2,0,0,0,0,0,0,7,10:27,54.4
Scott Wilson,BUF,L,C,6,1,1,1,2,1,2,0,0,0,0,0,0,8,11:38,--
Tyler Graovac,VAN,L,C,8,2,0,-2,2,0,0,2,2,0,0,0,0,5,6:16,36.4
Fredrik Claesson,NJD,L,D,5,1,1,1,0,1,2,0,0,0,0,0,0,1,14:29,--
Tomas Jurco,EDM,L,R,12,0,2,1,4,0,2,0,0,0,0,0,0,7,9:59,50
Xavier Ouellet,MTL,L,D,12,0,2,0,4,0,2,0,0,0,0,0,0,8,13:54,--
Sven Baertschi,VAN,L,L,6,0,2,-2,4,0,0,0,2,0,0,0,0,7,11:49,--
Charles Hudon,MTL,L,L,15,1,1,-9,0,1,2,0,0,0,0,0,1,22,11:32,25
Connor Clifton,BOS,R,D,31,2,0,4,12,2,2,0,0,0,0,0,0,20,14:25,--
Nathan Walker,STL,L,L,5,1,1,-2,4,1,2,0,0,0,0,0,0,6,11:08,100
Joel Hanley,DAL,L,D,8,0,2,0,6,0,2,0,0,0,0,0,0,4,11:21,--
Christian Folin,MTL,R,D,16,1,1,-1,13,1,2,0,0,0,0,0,0,13,14:26,--
Jacob Middleton,SJS,L,D,10,0,2,-2,9,0,2,0,0,0,0,0,0,9,10:46,--
Joe Hicketts,DET,L,D,6,0,2,-5,2,0,2,0,0,0,0,0,0,6,18:17,--
Cole Bardreau,NYI,R,C,10,1,1,-2,6,1,2,0,0,0,0,0,1,10,8:52,42
Nick Merkley,NJD,L,R,4,1,1,0,2,1,2,0,0,0,0,0,0,8,11:22,--
Daniel Sprong,ANA,R,R,8,1,1,-2,0,0,1,1,1,0,0,0,0,17,14:06,--
Jeremy Lauzon,BOS,L,D,19,1,1,5,29,1,2,0,0,0,0,0,0,20,15:25,--
Zach Senyshyn,BOS,R,R,4,0,2,1,0,0,2,0,0,0,0,0,0,1,8:26,100
Nick Caamano,DAL,L,R,12,1,1,2,4,1,2,0,0,0,0,0,0,13,9:58,50
Connor Bunnaman,PHI,L,C,21,1,1,7,2,1,2,0,0,0,0,0,0,18,9:17,37.5
Michael McLeod,NJD,R,C,12,0,2,4,4,0,2,0,0,0,0,0,0,11,10:14,50
Gerald Mayhew,MIN,R,C,13,2,0,4,2,2,2,0,0,0,0,0,0,16,11:33,50
Ryan Poehling,MTL,L,C,27,1,1,-4,4,1,2,0,0,0,0,0,0,26,10:20,20
Adam Johnson,PIT,L,C,7,1,1,-1,2,1,2,0,0,0,0,0,0,5,6:42,--
Joel Persson,EDM,R,D,13,0,2,-1,2,0,2,0,0,0,0,0,0,17,15:19,--
Logan O'Connor,COL,R,R,16,2,0,0,2,2,2,0,0,0,0,0,1,15,8:26,0
Nico Sturm,MIN,L,C,6,0,2,2,0,0,2,0,0,0,0,0,0,2,11:54,53.1
Andrew Ladd,NYI,L,L,4,1,0,2,4,1,1,0,0,0,0,0,0,5,11:58,--
Troy Brouwer,STL,R,R,13,1,0,1,7,1,1,0,0,0,0,0,0,12,9:28,50
Chris Stewart,PHI,R,R,16,0,1,-7,21,0,1,0,0,0,0,0,0,5,7:47,--
Micheal Haley,NYR,L,L,22,1,0,-7,50,1,1,0,0,0,0,0,0,9,5:32,58.3
Aaron Ness,ARI,L,D,24,0,1,1,0,0,1,0,0,0,0,0,0,11,12:32,--
Brian Lashoff,DET,L,D,9,0,1,1,6,0,1,0,0,0,0,0,0,6,14:33,--
Brandon Manning,EDM,L,D,9,1,0,-1,17,1,1,0,0,0,0,0,0,8,11:03,--
Derek Forbort,LAK,L,D,20,0,1,-5,4,0,1,0,0,0,0,0,0,22,17:49,--
Jani Hakanpaa,ANA,R,D,5,1,0,1,2,1,1,0,0,0,0,0,0,4,18:07,--
Ben Street,NJD,L,C,3,0,1,1,0,0,1,0,0,0,0,0,0,4,8:08,45.5
Cory Conacher,TBL,L,C,4,0,1,-2,4,0,1,0,0,0,0,0,0,5,11:05,--
Nick Seeler,MIN,L,D,12,0,1,-8,15,0,1,0,0,0,0,0,0,5,11:56,--
T.J. Tynan,COL,R,C,16,0,1,-1,2,0,1,0,0,0,0,0,0,7,8:28,16.7
Andy Andreoff,PHI,L,C,14,0,1,-3,2,0,1,0,0,0,0,0,0,14,8:32,50
Alan Quine,CGY,L,C,9,1,0,-1,4,1,1,0,0,0,0,0,0,12,9:48,100
Miikka Salomaki,NSH,L,R,5,1,0,2,4,1,1,0,0,0,0,0,1,2,12:09,--
Pontus Aberg,TOR,R,L,5,0,1,0,0,0,1,0,0,0,0,0,0,4,8:42,--
Brendan Gaunce,BOS,L,C,1,0,1,1,2,0,1,0,0,0,0,0,0,0,9:10,0
Gemel Smith,TBL,L,C,3,1,0,0,4,1,1,0,0,0,0,0,0,1,9:10,65
Paul LaDue,LAK,R,D,2,0,1,0,0,0,1,0,0,0,0,0,0,2,12:48,--
Buddy Robinson,CGY,R,R,5,1,0,0,7,1,1,0,0,0,0,0,0,6,12:14,--
Jonny Brodzinski,SJS,R,C,3,0,1,0,0,0,1,0,0,0,0,0,0,5,7:24,0
Peter Cehlarik,BOS,L,L,3,0,1,-1,2,0,1,0,0,0,0,0,0,0,11:16,50
Carl Dahlstrom,WPG,L,D,15,0,1,-4,6,0,1,0,0,0,0,0,0,9,14:46,--
Colby Cave,EDM,L,C,11,1,0,-3,4,1,1,0,0,0,0,0,0,5,9:39,46.8
Patrick Brown,VGK,R,C,1,1,0,0,0,1,1,0,0,0,0,0,0,2,10:04,--
Daniel Carr,NSH,L,L,11,1,0,-5,4,1,1,0,0,0,0,0,0,14,10:20,0
Ryan MacInnis,CBJ,L,C,10,0,1,1,0,0,1,0,0,0,0,0,0,13,9:21,37
Maxim Letunov,SJS,L,C,3,1,0,0,0,1,1,0,0,0,0,0,0,3,9:05,50
Mark Friedman,PHI,R,D,6,0,1,0,2,0,1,0,0,0,0,0,0,2,13:35,--
Clark Bishop,CAR,L,C,5,0,1,-2,4,0,1,0,0,0,0,0,0,4,7:39,38.2
Anton Lindholm,COL,L,D,4,0,1,1,0,0,1,0,0,0,0,0,0,1,11:47,--
Anthony Angello,PIT,R,R,8,1,0,-1,4,1,1,0,0,0,0,0,0,5,5:43,0
David Kase,PHI,L,R,6,1,0,1,0,1,1,0,0,0,0,0,1,5,9:47,100
Kyle Capobianco,ARI,L,D,9,1,0,-1,2,1,1,0,0,0,0,0,0,10,14:46,--
J.C. Beaudin,OTT,R,C,22,0,1,-4,7,0,1,0,0,0,0,0,0,18,8:38,52.5
Lukas Vejdemo,MTL,L,C,7,1,0,0,0,1,1,0,0,0,0,0,0,7,8:01,20
Niko Mikkola,STL,L,D,5,0,1,3,0,0,1,0,0,0,0,0,0,10,14:22,--
Mason Marchment,TOR,L,L,4,0,1,0,0,0,1,0,0,0,0,0,0,3,8:05,100
Tyler Benson,EDM,L,L,7,0,1,-1,0,0,1,0,0,0,0,0,0,5,10:23,100
Carsen Twarynski,PHI,L,L,15,1,0,-2,4,1,1,0,0,0,0,0,0,14,10:41,0
Tim Gettinger,NYR,L,L,2,0,1,1,0,0,1,0,0,0,0,0,0,3,8:23,0
Vitaly Abramov,OTT,L,L,2,1,0,0,2,1,1,0,0,0,0,0,0,3,5:47,--
Egor Korshkov,TOR,L,R,1,1,0,1,0,1,1,0,0,0,0,0,0,1,10:08,--
Lucas Carlsson,CHI,L,D,6,0,1,3,0,0,1,0,0,0,0,0,0,3,14:08,--
Mathieu Olivier,NSH,R,R,8,0,1,1,4,0,1,0,0,0,0,0,0,6,7:33,--
Gage Quinney,VGK,L,C,3,0,1,-1,0,0,1,0,0,0,0,0,0,2,9:43,47.1
Cale Fleury,MTL,R,D,41,1,0,-4,6,1,1,0,0,0,0,0,0,45,14:21,--
Mikey Anderson,LAK,L,D,6,1,0,4,0,1,1,0,0,0,0,0,1,9,18:09,--
Klim Kostin,STL,L,C,4,1,0,1,0,1,1,0,0,0,0,0,0,5,8:32,--
Jack Studnicka,BOS,R,C,2,0,1,2,2,0,1,0,0,0,0,0,0,3,12:08,60
Jason Robertson,DAL,L,L,3,0,1,0,0,0,0,0,1,0,0,0,0,4,12:19,--
Timothy Liljegren,TOR,R,D,11,0,1,-5,2,0,1,0,0,0,0,0,0,2,10:18,--
Lias Andersson,NYR,L,C,17,0,1,-8,4,0,1,0,0,0,0,0,0,13,9:33,46.6
Gustav Lindstrom,DET,R,D,16,0,1,-6,14,0,0,0,1,0,0,0,0,9,16:32,--
Eetu Luostarinen,CAR,L,C,8,0,1,-2,0,0,1,0,0,0,0,0,0,9,9:59,52.4
Alexander Volkov,TBL,L,R,9,0,1,-6,6,0,1,0,0,0,0,0,0,7,10:16,25
Jonathan Davidsson,OTT,R,R,6,0,1,0,0,0,1,0,0,0,0,0,0,3,5:31,--
Zach Whitecloud,VGK,R,D,16,0,1,3,4,0,1,0,0,0,0,0,0,9,14:19,--
Kiefer Sherwood,ANA,R,L,10,0,1,-1,6,0,1,0,0,0,0,0,0,17,13:20,75
Joel L'Esperance,DAL,R,R,3,1,0,0,2,1,1,0,0,0,0,0,0,2,7:21,0
Martin Fehervary,WSH,L,D,6,0,1,-2,6,0,1,0,0,0,0,0,0,7,15:59,--
Liam Foudy,CBJ,L,C,2,0,1,1,0,0,1,0,0,0,0,0,0,3,14:13,--
Jordan Gross,ARI,R,D,2,0,1,2,0,0,1,0,0,0,0,0,0,3,16:11,--
David Gustafsson,WPG,L,C,22,1,0,-2,0,1,1,0,0,0,0,0,1,4,6:09,54
Lean Bergmann,SJS,L,C,12,0,1,-6,4,0,1,0,0,0,0,0,0,11,8:16,0
Joel Kiviranta,DAL,L,L,11,1,0,-1,4,1,1,0,0,0,0,0,0,13,10:39,--
Jonathan Ericsson,DET,L,D,18,0,0,-12,4,0,0,0,0,0,0,0,0,16,14:15,--
Mark Letestu,WPG,R,C,7,0,0,0,0,0,0,0,0,0,0,0,0,5,10:36,54.4
Karl Alzner,MTL,L,D,4,0,0,-1,0,0,0,0,0,0,0,0,0,4,13:55,--
Paul Carey,BOS,L,C,1,0,0,-1,0,0,0,0,0,0,0,0,0,0,6:22,--
Dalton Prout,SJS,R,D,2,0,0,0,7,0,0,0,0,0,0,0,0,2,12:49,--
Jordan Szwarz,OTT,R,C,3,0,0,0,2,0,0,0,0,0,0,0,0,2,4:55,44.4
Kevin Connauton,COL,L,D,4,0,0,-2,0,0,0,0,0,0,0,0,0,4,15:30,--
Gabriel Dumont,MIN,R,C,3,0,0,-1,0,0,0,0,0,0,0,0,0,3,11:30,40
Dalton Smith,BUF,L,L,1,0,0,1,2,0,0,0,0,0,0,0,0,0,1:26,--
Dylan McIlrath,DET,R,D,16,0,0,-4,23,0,0,0,0,0,0,0,0,14,14:49,--
Michael Chaput,ARI,L,C,2,0,0,-2,2,0,0,0,0,0,0,0,0,2,10:01,53.9
Kevin Gravel,TOR,L,D,3,0,0,0,0,0,0,0,0,0,0,0,0,2,11:05,--
Brandon Davidson,CGY,L,D,12,0,0,-3,0,0,0,0,0,0,0,0,0,17,12:29,--
Zach Trotman,PIT,R,D,8,0,0,-1,4,0,0,0,0,0,0,0,0,11,14:43,--
Michael Sgarbossa,WSH,L,C,2,0,0,0,0,0,0,0,0,0,0,0,0,1,8:07,50
Brian Gibbons,CAR,L,C,15,0,0,-7,4,0,0,0,0,0,0,0,0,9,9:46,--
Steven Fogarty,NYR,R,C,7,0,0,-1,0,0,0,0,0,0,0,0,0,2,5:53,66.7
Derrick Pouliot,STL,L,D,2,0,0,-1,2,0,0,0,0,0,0,0,0,1,8:20,--
Boo Nieves,NYR,L,C,4,0,0,2,4,0,0,0,0,0,0,0,0,2,7:32,73.7
Trevor Carrick,SJS,L,D,3,0,0,0,5,0,0,0,0,0,0,0,0,1,5:47,--
Thomas Di Pauli,PIT,L,C,2,0,0,-3,10,0,0,0,0,0,0,0,0,2,5:59,--
Jake Bischoff,VGK,L,D,4,0,0,-2,4,0,0,0,0,0,0,0,0,6,15:36,--
Riley Barber,MTL,R,R,9,0,0,-1,2,0,0,0,0,0,0,0,0,6,8:15,100
Ashton Sautner,VAN,L,D,1,0,0,0,0,0,0,0,0,0,0,0,0,1,2:49,--
Jayson Megna,COL,R,C,8,0,0,-1,2,0,0,0,0,0,0,0,0,4,6:43,0
Anton Blidh,BOS,L,L,7,0,0,-1,0,0,0,0,0,0,0,0,0,9,11:31,0
John Gilmour,BUF,L,D,4,0,0,-2,0,0,0,0,0,0,0,0,0,5,17:03,--
Tyler Lewington,WSH,R,D,6,0,0,-2,17,0,0,0,0,0,0,0,0,2,10:10,--
Luke Johnson,MIN,R,C,3,0,0,-3,0,0,0,0,0,0,0,0,0,1,11:35,50
Marko Dano,CBJ,L,C,3,0,0,-1,2,0,0,0,0,0,0,0,0,2,7:10,--
Steven Santini,NSH,R,D,2,0,0,1,2,0,0,0,0,0,0,0,0,1,9:33,--
Gustav Olofsson,MTL,L,D,3,0,0,-4,2,0,0,0,0,0,0,0,0,2,8:06,--
Justin Bailey,VAN,R,R,2,0,0,0,0,0,0,0,0,0,0,0,0,1,5:20,--
Samuel Morin,PHI,L,L,1,0,0,-1,0,0,0,0,0,0,0,0,0,0,12:32,--
Jean-Sebastien Dea,BUF,R,C,3,0,0,0,0,0,0,0,0,0,0,0,0,0,7:38,50
Nikolay Goldobin,VAN,L,R,1,0,0,0,0,0,0,0,0,0,0,0,0,0,8:37,--
John Quenneville,CHI,L,C,9,0,0,-1,0,0,0,0,0,0,0,0,0,14,11:03,75
Josh Jacobs,NJD,R,D,2,0,0,1,2,0,0,0,0,0,0,0,0,3,16:36,--
Jake Walman,STL,L,D,1,0,0,1,0,0,0,0,0,0,0,0,0,1,11:04,--
William Lagesson,EDM,L,D,8,0,0,-4,0,0,0,0,0,0,0,0,0,8,11:52,--
Chase De Leo,ANA,L,C,1,0,0,0,0,0,0,0,0,0,0,0,0,1,14:59,0
Austin Poganski,STL,R,R,1,0,0,0,0,0,0,0,0,0,0,0,0,0,5:54,--
CJ Suess,WPG,L,L,1,0,0,-1,0,0,0,0,0,0,0,0,0,0,6:26,25
Anthony Richard,NSH,L,C,1,0,0,-1,0,0,0,0,0,0,0,0,0,2,4:10,--
Evgeny Svechnikov,DET,L,L,4,0,0,-1,2,0,0,0,0,0,0,0,0,7,8:20,--
Keegan Kolesar,VGK,R,R,1,0,0,0,0,0,0,0,0,0,0,0,0,1,12:06,100
Gabriel Carlsson,CBJ,L,D,6,0,0,-1,2,0,0,0,0,0,0,0,0,3,10:53,--
Colton White,NJD,L,D,6,0,0,-2,4,0,0,0,0,0,0,0,0,2,13:59,--
Christian Wolanin,OTT,L,D,3,0,0,1,0,0,0,0,0,0,0,0,0,4,17:41,--
Alexandre Carrier,NSH,R,D,3,0,0,2,2,0,0,0,0,0,0,0,0,4,10:47,--
Brett Seney,NJD,L,L,2,0,0,-1,0,0,0,0,0,0,0,0,0,1,9:56,0
Cameron Hughes,BOS,L,C,1,0,0,-1,0,0,0,0,0,0,0,0,0,0,9:53,--
Kole Sherwood,CBJ,R,R,3,0,0,0,2,0,0,0,0,0,0,0,0,6,6:38,0
Maxime Lajoie,OTT,L,D,6,0,0,0,0,0,0,0,0,0,0,0,0,3,7:49,--
Kale Clague,LAK,L,D,4,0,0,-3,2,0,0,0,0,0,0,0,0,2,14:34,--
Beck Malenstyn,WSH,L,L,3,0,0,-1,0,0,0,0,0,0,0,0,0,4,9:16,--
Trent Frederic,BOS,L,C,2,0,0,-1,0,0,0,0,0,0,0,0,0,1,6:26,--
Henrik Borgstrom,FLA,L,C,4,0,0,-2,2,0,0,0,0,0,0,0,0,3,12:23,48.2
Tage Thompson,BUF,R,R,1,0,0,0,0,0,0,0,0,0,0,0,0,0,6:59,--
German Rubtsov,PHI,L,C,4,0,0,-1,0,0,0,0,0,0,0,0,0,1,6:48,42.9
Janne Kuokkanen,NJD,L,L,1,0,0,0,0,0,0,0,0,0,0,0,0,0,12:04,--
Otto Koivula,NYI,L,L,12,0,0,0,2,0,0,0,0,0,0,0,0,4,7:55,36.9
Brandon Hagel,CHI,L,L,1,0,0,0,0,0,0,0,0,0,0,0,0,4,11:48,--
Calvin Thurkauf,CBJ,L,C,3,0,0,0,0,0,0,0,0,0,0,0,0,1,8:15,100
Joachim Blichfeld,SJS,R,R,3,0,0,-2,2,0,0,0,0,0,0,0,0,3,12:46,--
Rhett Gardner,DAL,L,C,8,0,0,0,2,0,0,0,0,0,0,0,0,8,10:08,47.2
Brennan Menell,MIN,R,D,5,0,0,1,2,0,0,0,0,0,0,0,0,4,13:59,--
Conor Timmins,COL,R,D,2,0,0,2,0,0,0,0,0,0,0,0,0,1,10:25,--
Jaret Anderson-Dolan,LAK,L,C,4,0,0,-1,0,0,0,0,0,0,0,0,0,2,10:16,38.5
Urho Vaakanainen,BOS,L,D,5,0,0,2,0,0,0,0,0,0,0,0,0,2,16:51,--
Josh Norris,OTT,L,C,3,0,0,2,0,0,0,0,0,0,0,0,0,9,17:55,61.2
Max Veronneau,OTT,R,R,4,0,0,-2,0,0,0,0,0,0,0,0,0,3,8:25,--
Sheldon Dries,COL,L,C,5,0,0,-2,0,0,0,0,0,0,0,0,0,2,6:52,66.7
Lukas Radil,SJS,R,C,14,0,0,-3,8,0,0,0,0,0,0,0,0,12,9:24,25
Oliver Wahlstrom,NYI,R,R,9,0,0,-2,4,0,0,0,0,0,0,0,0,9,10:17,0
Nicolas Beaudin,CHI,L,D,1,0,0,1,0,0,0,0,0,0,0,0,0,2,17:01,--
Lawrence Pilut,BUF,L,D,13,0,0,-4,4,0,0,0,0,0,0,0,0,6,16:14,--
Otto Leskinen,MTL,L,D,5,0,0,0,0,0,0,0,0,0,0,0,0,2,10:18,--
Danil Yurtaykin,SJS,R,L,4,0,0,-1,0,0,0,0,0,0,0,0,0,2,13:00,--
Tobias Bjornfot,LAK,L,D,3,0,0,-4,0,0,0,0,0,0,0,0,0,0,12:58,--
Alexander Yelesin,CGY,R,D,4,0,0,0,0,0,0,0,0,0,0,0,0,2,12:30,--
Anton Wedin,CHI,L,L,4,0,0,1,4,0,0,0,0,0,0,0,0,2,9:04,--
Andrei Chibisov,WPG,L,R,2,0,0,0,0,0,0,0,0,0,0,0,0,1,7:27,--
Joona Luoto,WPG,L,L,16,0,0,-3,2,0,0,0,0,0,0,0,0,9,6:35,--
Nikolai Knyzhov,SJS,L,D,3,0,0,-1,2,0,0,0,0,0,0,0,0,0,10:49,--
